millis,rot_x,rot_y,rot_z,angvel_x,angvel_y,angvel_z,target_mot_x,target_mot_y,target_mot_z,target_angular_vel_x,target_angular_vel_y,target_angular_vel_z,target_rot_x,target_rot_y,target_rot_z
3035,0.0620,-0.0722,1.4378,0.0117,0.0039,0.0039,-0.0000,0.0000,-2.8759,-0.1222,0.0048,-1.4340,0.0000,-0.0000,0.0000
3037,0.0620,-0.0722,1.4378,0.0117,0.0039,0.0039,-0.0000,0.0000,-2.8759,-0.1222,0.0048,-1.4340,0.0000,-0.0000,0.0000
3041,0.0620,-0.0722,1.4378,0.0117,0.0039,0.0039,0.0000,0.0000,-2.8759,-0.1222,0.0048,-1.4340,0.0000,-0.0000,0.0000
3043,0.0620,-0.0722,1.4378,0.0117,0.0039,0.0039,0.0000,0.0000,-2.8759,-0.1223,0.0048,-1.4355,0.0000,-0.0000,0.0000
3044,0.0620,-0.0722,1.4378,0.0117,0.0039,0.0039,-0.0000,0.0000,-2.8788,-0.1223,0.0048,-1.4355,0.0000,-0.0000,0.0000
3048,0.0620,-0.0722,1.4378,0.0117,0.0039,0.0039,0.0000,0.0000,-2.8788,-0.1223,0.0048,-1.4355,0.0000,-0.0000,0.0000
3050,0.0620,-0.0722,1.4378,0.0117,0.0039,0.0039,0.0000,0.0000,-2.8788,-0.1224,0.0048,-1.4369,0.0000,-0.0000,0.0000
3053,0.0620,-0.0722,1.4378,0.0117,0.0039,0.0039,-0.0000,0.0000,-2.8816,-0.1224,0.0048,-1.4369,0.0000,-0.0000,0.0000
3055,0.0620,-0.0722,1.4378,0.0117,0.0039,0.0039,-0.0000,0.0000,-2.8816,-0.1224,0.0048,-1.4369,0.0000,-0.0000,0.0000
3069,0.0619,-0.0721,1.4381,-0.0039,-0.0020,0.0000,0.0000,0.0000,-2.8772,-0.1223,0.0049,-1.4386,0.0000,-0.0000,0.0000
3071,0.0619,-0.0721,1.4381,-0.0039,-0.0020,0.0000,0.0000,0.0000,-2.8772,-0.1223,0.0049,-1.4386,0.0000,-0.0000,0.0000
3074,0.0619,-0.0721,1.4381,-0.0039,-0.0020,0.0000,0.0000,0.0000,-2.8772,-0.1223,0.0049,-1.4386,0.0000,-0.0000,0.0000
3114,0.0619,-0.0721,1.4382,0.0078,0.0000,-0.0078,-0.0000,0.0000,-2.8820,-0.1232,0.0049,-1.4488,0.0000,-0.0000,0.0000
3134,0.0619,-0.0721,1.4383,-0.0078,0.0059,-0.0020,0.0000,0.0000,-2.9054,-0.1237,0.0049,-1.4546,0.0000,-0.0000,0.0000
3146,0.0620,-0.0723,1.4385,0.0059,0.0000,0.0039,0.0000,0.0000,-2.9199,-0.1242,0.0049,-1.4576,0.0000,-0.0000,0.0000
3172,0.0619,-0.0724,1.4388,0.0059,-0.0059,0.0020,-0.0000,0.0000,-2.9313,-0.1248,0.0052,-1.4637,0.0000,-0.0000,0.0000
3184,0.0619,-0.0724,1.4390,0.0059,0.0098,0.0000,0.0000,0.0000,-2.9335,-0.1250,0.0052,-1.4668,0.0000,-0.0000,0.0000
3200,0.0619,-0.0724,1.4390,-0.0039,0.0039,0.0039,0.0000,0.0000,-2.9471,-0.1253,0.0052,-1.4696,0.0000,-0.0000,0.0000
3212,0.0619,-0.0724,1.4390,-0.0039,0.0000,0.0059,0.0000,0.0000,-2.9567,-0.1255,0.0052,-1.4725,0.0000,-0.0000,0.0000
3221,0.0619,-0.0724,1.4392,0.0059,0.0020,0.0020,-0.0000,0.0000,-2.9521,-0.1257,0.0052,-1.4741,0.0000,-0.0000,0.0000
3233,0.0619,-0.0724,1.4392,0.0020,0.0078,0.0000,-0.0000,0.0000,-2.9539,-0.1259,0.0052,-1.4770,0.0000,-0.0000,0.0000
3259,0.0619,-0.0725,1.4393,0.0039,-0.0039,-0.0098,-0.0000,0.0000,-2.9491,-0.1267,0.0054,-1.4843,0.0000,-0.0000,0.0000
3268,0.0619,-0.0725,1.4393,0.0000,-0.0039,0.0039,0.0000,0.0000,-2.9795,-0.1268,0.0054,-1.4858,0.0000,-0.0000,0.0000
3282,0.0619,-0.0727,1.4395,-0.0156,0.0137,-0.0020,0.0000,0.0000,-2.9765,-0.1274,0.0055,-1.4902,0.0000,-0.0000,0.0000
3302,0.0617,-0.0727,1.4395,0.0059,0.0059,-0.0078,-0.0000,0.0000,-2.9734,-0.1275,0.0055,-1.4945,0.0000,-0.0000,0.0000
3317,0.0617,-0.0727,1.4396,-0.0020,-0.0078,0.0020,-0.0000,0.0000,-3.0017,-0.1280,0.0056,-1.4989,0.0000,-0.0000,0.0000
3329,0.0617,-0.0727,1.4397,0.0059,0.0078,-0.0020,-0.0000,0.0000,-2.9998,-0.1282,0.0056,-1.5018,0.0000,-0.0000,0.0000
3338,0.0617,-0.0727,1.4397,0.0000,-0.0078,0.0039,-0.0000,0.0000,-3.0144,-0.1284,0.0057,-1.5033,0.0000,-0.0000,0.0000
3359,0.0619,-0.0728,1.4398,-0.0059,0.0059,-0.0059,0.0000,0.0000,-3.0064,-0.1291,0.0057,-1.5091,0.0000,-0.0000,0.0000
3368,0.0619,-0.0728,1.4397,0.0000,-0.0059,0.0000,-0.0000,0.0000,-3.0208,-0.1293,0.0057,-1.5104,0.0000,-0.0000,0.0000
3385,0.0619,-0.0729,1.4398,0.0059,-0.0059,0.0059,0.0000,0.0000,-3.0412,-0.1296,0.0057,-1.5147,0.0000,-0.0000,0.0000
3397,0.0619,-0.0729,1.4398,-0.0039,-0.0039,-0.0059,0.0000,0.0000,-3.0236,-0.1300,0.0058,-1.5177,0.0000,-0.0000,0.0000
3408,0.0619,-0.0729,1.4398,-0.0078,0.0020,0.0039,0.0000,0.0000,-3.0489,-0.1303,0.0058,-1.5205,0.0000,-0.0000,0.0000
3422,0.0619,-0.0729,1.4399,0.0000,-0.0098,0.0039,-0.0000,0.0000,-3.0548,-0.1305,0.0058,-1.5235,0.0000,-0.0000,0.0000
3441,0.0617,-0.0731,1.4399,-0.0020,0.0000,0.0098,0.0000,0.0000,-3.0780,-0.1311,0.0061,-1.5292,0.0000,-0.0000,0.0000
3449,0.0617,-0.0731,1.4399,-0.0059,0.0020,0.0039,0.0000,0.0000,-3.0691,-0.1312,0.0061,-1.5307,0.0000,-0.0000,0.0000
3457,0.0617,-0.0731,1.4399,-0.0156,0.0039,-0.0078,0.0000,0.0000,-3.0486,-0.1313,0.0061,-1.5321,0.0000,-0.0000,0.0000
3473,0.0616,-0.0732,1.4399,-0.0020,0.0020,-0.0020,-0.0000,0.0000,-3.0689,-0.1317,0.0063,-1.5364,0.0000,-0.0000,0.0000
3485,0.0616,-0.0732,1.4399,0.0039,-0.0039,0.0039,-0.0000,0.0000,-3.0863,-0.1319,0.0063,-1.5393,0.0000,-0.0000,0.0000
3497,0.0616,-0.0732,1.4399,0.0098,0.0098,-0.0117,-0.0000,0.0000,-3.0608,-0.1322,0.0064,-1.5421,0.0000,-0.0000,0.0000
3515,0.0616,-0.0732,1.4398,-0.0039,0.0020,0.0020,0.0000,0.0000,-3.0966,-0.1326,0.0064,-1.5464,0.0000,-0.0000,0.0000
3527,0.0615,-0.0733,1.4398,-0.0137,0.0020,-0.0020,-0.0000,0.0000,-3.0945,-0.1328,0.0066,-1.5492,0.0000,-0.0000,0.0000
3536,0.0616,-0.0733,1.4399,-0.0020,0.0000,-0.0059,0.0000,0.0000,-3.0897,-0.1330,0.0066,-1.5507,0.0000,-0.0000,0.0000
3557,0.0615,-0.0733,1.4399,0.0098,0.0020,-0.0020,-0.0000,0.0000,-3.1062,-0.1333,0.0066,-1.5550,0.0000,-0.0000,0.0000
3566,0.0615,-0.0733,1.4399,-0.0039,0.0000,0.0039,-0.0000,0.0000,-3.1236,-0.1336,0.0066,-1.5579,0.0000,-0.0000,0.0000
3586,0.0615,-0.0733,1.4399,0.0000,-0.0039,0.0059,0.0000,0.0000,-3.1361,-0.1340,0.0067,-1.5622,0.0000,-0.0000,0.0000
3595,0.0615,-0.0733,1.4398,-0.0039,-0.0059,0.0098,-0.0000,0.0000,-3.1466,-0.1342,0.0065,-1.5636,0.0000,-0.0000,0.0000
3603,0.0615,-0.0733,1.4398,0.0000,-0.0059,-0.0020,0.0000,0.0000,-3.1261,-0.1342,0.0067,-1.5650,0.0000,-0.0000,0.0000
3617,0.0615,-0.0735,1.4397,-0.0098,0.0117,0.0020,0.0000,0.0000,-3.1396,-0.1346,0.0068,-1.5679,0.0000,-0.0000,0.0000
3634,0.0615,-0.0735,1.4397,0.0059,-0.0059,-0.0059,-0.0000,0.0000,-3.1324,-0.1350,0.0068,-1.5721,0.0000,-0.0000,0.0000
3646,0.0613,-0.0735,1.4395,-0.0020,-0.0039,0.0059,0.0000,0.0000,-3.1614,-0.1351,0.0069,-1.5749,0.0000,-0.0000,0.0000
3665,0.0613,-0.0735,1.4395,-0.0059,0.0059,0.0000,0.0000,0.0000,-3.1581,-0.1355,0.0069,-1.5791,0.0000,-0.0000,0.0000
3685,0.0613,-0.0735,1.4395,0.0000,-0.0039,-0.0020,-0.0000,0.0000,-3.1628,-0.1358,0.0069,-1.5834,0.0000,-0.0000,0.0000
3693,0.0613,-0.0735,1.4395,0.0078,-0.0039,-0.0059,-0.0000,0.0000,-3.1608,-0.1361,0.0069,-1.5862,0.0000,-0.0000,0.0000
3708,0.0613,-0.0735,1.4395,0.0020,-0.0059,-0.0039,-0.0000,0.0000,-3.1704,-0.1363,0.0070,-1.5891,0.0000,-0.0000,0.0000
3728,0.0613,-0.0736,1.4395,0.0078,-0.0078,-0.0156,-0.0000,0.0000,-3.1555,-0.1369,0.0071,-1.5934,0.0000,-0.0000,0.0000
3734,0.0613,-0.0735,1.4394,0.0020,0.0020,0.0020,0.0000,0.0000,-3.1936,-0.1370,0.0071,-1.5948,0.0000,-0.0000,0.0000
3749,0.0613,-0.0736,1.4393,0.0039,-0.0039,0.0078,-0.0000,0.0000,-3.2135,-0.1373,0.0071,-1.5990,0.0000,-0.0000,0.0000
3789,0.0615,-0.0736,1.4392,0.0137,-0.0020,-0.0078,-0.0000,0.0000,-3.2022,-0.1384,0.0070,-1.6089,0.0000,-0.0000,0.0000
3808,0.0615,-0.0736,1.4392,-0.0020,0.0039,0.0078,0.0000,0.0000,-3.2419,-0.1387,0.0070,-1.6131,0.0000,-0.0000,0.0000
3816,0.0615,-0.0736,1.4392,0.0039,0.0059,-0.0039,-0.0000,0.0000,-3.2213,-0.1389,0.0070,-1.6145,0.0000,-0.0000,0.0000
3836,0.0615,-0.0735,1.4392,0.0000,0.0020,-0.0039,-0.0000,0.0000,-3.2328,-0.1392,0.0069,-1.6203,0.0000,-0.0000,0.0000
3851,0.0615,-0.0735,1.4391,0.0020,-0.0020,0.0020,0.0000,0.0000,-3.2501,-0.1395,0.0069,-1.6231,0.0000,-0.0000,0.0000
3871,0.0615,-0.0736,1.4390,0.0039,0.0020,-0.0039,-0.0000,0.0000,-3.2467,-0.1400,0.0070,-1.6273,0.0000,-0.0000,0.0000
3880,0.0613,-0.0736,1.4389,-0.0078,0.0039,-0.0039,0.0000,0.0000,-3.2523,-0.1401,0.0071,-1.6301,0.0000,-0.0000,0.0000
3889,0.0613,-0.0736,1.4389,-0.0020,0.0039,0.0020,-0.0000,0.0000,-3.2669,-0.1402,0.0071,-1.6315,0.0000,-0.0000,0.0000
3901,0.0613,-0.0736,1.4388,-0.0078,-0.0059,-0.0039,0.0000,0.0000,-3.2608,-0.1405,0.0071,-1.6343,0.0000,-0.0000,0.0000
3926,0.0613,-0.0736,1.4388,0.0039,0.0000,0.0059,0.0000,0.0000,-3.2918,-0.1410,0.0072,-1.6400,0.0000,-0.0000,0.0000
3944,0.0613,-0.0736,1.4387,-0.0117,0.0059,0.0059,0.0000,0.0000,-3.3002,-0.1413,0.0072,-1.6442,0.0000,-0.0000,0.0000
3953,0.0613,-0.0736,1.4387,-0.0039,-0.0039,0.0000,-0.0000,0.0000,-3.2942,-0.1416,0.0072,-1.6471,0.0000,-0.0000,0.0000
3968,0.0613,-0.0736,1.4386,-0.0039,0.0059,0.0000,-0.0000,0.0000,-3.2998,-0.1418,0.0072,-1.6499,0.0000,-0.0000,0.0000
3983,0.0612,-0.0736,1.4386,-0.0039,0.0039,-0.0059,0.0000,0.0000,-3.2965,-0.1421,0.0073,-1.6541,0.0000,-0.0000,0.0000
4000,0.0612,-0.0737,1.4386,0.0000,-0.0098,-0.0059,0.0000,0.0000,-3.3050,-0.1426,0.0075,-1.6584,0.0000,-0.0000,0.0000
4010,0.0612,-0.0737,1.4385,0.0039,-0.0020,0.0000,0.0000,0.0000,-3.3196,-0.1427,0.0075,-1.6598,0.0000,-0.0000,0.0000
4024,0.0612,-0.0737,1.4382,0.0117,-0.0059,0.0117,-0.0000,0.0000,-3.3510,-0.1431,0.0074,-1.6638,0.0000,-0.0000,0.0000
4038,0.0612,-0.0737,1.4382,-0.0098,0.0020,-0.0137,0.0000,0.0000,-3.3059,-0.1433,0.0074,-1.6666,0.0000,-0.0000,0.0000
4052,0.0611,-0.0737,1.4379,0.0000,0.0000,0.0000,0.0000,0.0000,-3.3412,-0.1435,0.0076,-1.6706,0.0000,-0.0000,0.0000
4060,0.0611,-0.0737,1.4379,0.0000,0.0000,0.0000,0.0000,0.0000,-3.3441,-0.1437,0.0076,-1.6720,0.0000,-0.0000,0.0000
4083,0.0611,-0.0737,1.4371,0.0000,0.0000,0.0000,-0.0000,0.0000,-3.3540,-0.1441,0.0075,-1.6770,0.0000,-0.0000,0.0000
4094,0.0611,-0.0737,1.4371,0.0000,0.0000,0.0000,-0.0000,0.0000,-3.3597,-0.1444,0.0075,-1.6798,0.0000,-0.0000,0.0000
4100,0.0611,-0.0737,1.4371,0.0000,0.0000,0.0000,-0.0000,0.0000,-3.3626,-0.1445,0.0076,-1.6813,0.0000,-0.0000,0.0000
4124,0.0610,-0.0738,1.4364,0.0000,0.0000,0.0000,-0.0000,0.0000,-3.3726,-0.1451,0.0077,-1.6863,0.0000,-0.0000,0.0000
4146,0.0610,-0.0738,1.4360,0.0000,0.0000,0.0000,0.0000,0.0000,-3.3805,-0.1454,0.0076,-1.6903,0.0000,-0.0000,0.0000
4152,0.0610,-0.0738,1.4360,0.0000,0.0000,0.0000,0.0000,0.0000,-3.3834,-0.1455,0.0076,-1.6917,0.0000,-0.0000,0.0000
4182,0.0610,-0.0738,1.4354,0.0000,0.0000,0.0000,-0.0000,0.0000,-3.3993,-0.1462,0.0076,-1.6997,0.0000,-0.0000,0.0000
4193,0.0610,-0.0738,1.4352,0.0000,0.0000,0.0000,0.0000,0.0000,-3.4016,-0.1464,0.0076,-1.7008,0.0000,-0.0000,0.0000
4235,0.0609,-0.0740,1.4341,0.0000,0.0000,0.0000,0.0000,0.0000,-3.4167,-0.1472,0.0078,-1.7098,0.0000,-0.0000,0.0000
4259,0.0609,-0.0740,1.4339,0.0000,0.0000,0.0000,0.0000,0.0000,-3.4276,-0.1475,0.0078,-1.7138,0.0000,-0.0000,0.0000
4273,0.0609,-0.0739,1.4335,0.0000,0.0000,0.0000,-0.0000,0.0000,-3.4354,-0.1479,0.0078,-1.7177,0.0000,-0.0000,0.0000
4293,0.0609,-0.0739,1.4332,0.0000,0.0000,0.0000,0.0000,0.0000,-3.4434,-0.1482,0.0078,-1.7217,0.0000,-0.0000,0.0000
4309,0.0609,-0.0741,1.4328,0.0000,0.0000,0.0000,-0.0000,0.0000,-3.4512,-0.1487,0.0079,-1.7256,0.0000,-0.0000,0.0000
4323,0.0609,-0.0741,1.4326,0.0000,0.0000,0.0000,0.0000,0.0000,-3.4569,-0.1490,0.0079,-1.7285,0.0000,-0.0000,0.0000
4329,0.0609,-0.0741,1.4326,0.0000,0.0000,0.0000,0.0000,0.0000,-3.4593,-0.1491,0.0079,-1.7296,0.0000,-0.0000,0.0000
4346,0.0609,-0.0741,1.4323,0.0000,0.0000,0.0000,0.0000,0.0000,-3.4678,-0.1495,0.0079,-1.7339,0.0000,-0.0000,0.0000
4355,0.0609,-0.0741,1.4323,0.0000,0.0000,0.0000,-0.0000,0.0000,-3.4730,-0.1497,0.0079,-1.7365,0.0000,-0.0000,0.0000
4373,0.0609,-0.0741,1.4321,0.0000,0.0000,0.0000,-0.0000,0.0000,-3.4811,-0.1500,0.0079,-1.7405,0.0000,-0.0000,0.0000
4395,0.0609,-0.0741,1.4317,0.0000,0.0000,0.0000,-0.0000,0.0000,-3.4918,-0.1505,0.0079,-1.7459,0.0000,-0.0000,0.0000
4404,0.0609,-0.0741,1.4315,0.0000,0.0000,0.0000,0.0000,0.0000,-3.4947,-0.1506,0.0079,-1.7473,0.0000,-0.0000,0.0000
4413,0.0609,-0.0741,1.4315,0.0000,0.0000,0.0000,-0.0000,0.0000,-3.4998,-0.1509,0.0079,-1.7499,0.0000,-0.0000,0.0000
4423,0.0607,-0.0741,1.4313,0.0000,0.0000,0.0000,0.0000,0.0000,-3.5027,-0.1510,0.0079,-1.7513,0.0000,-0.0000,0.0000
4444,0.0607,-0.0741,1.4313,0.0000,0.0000,0.0000,0.0000,0.0000,-3.5109,-0.1512,0.0080,-1.7555,0.0000,-0.0000,0.0000
4450,0.0607,-0.0741,1.4310,0.0000,0.0000,0.0000,0.0000,0.0000,-3.5133,-0.1513,0.0080,-1.7566,0.0000,-0.0000,0.0000
4475,0.0607,-0.0741,1.4308,0.0000,0.0000,0.0000,-0.0000,0.0000,-3.5270,-0.1519,0.0080,-1.7635,0.0000,-0.0000,0.0000
4480,0.0607,-0.0741,1.4308,0.0000,0.0000,0.0000,0.0000,0.0000,-3.5270,-0.1520,0.0080,-1.7649,0.0000,-0.0000,0.0000
4491,0.0607,-0.0741,1.4306,0.0000,0.0000,0.0000,-0.0000,0.0000,-3.5352,-0.1523,0.0080,-1.7676,0.0000,-0.0000,0.0000
4513,0.0607,-0.0742,1.4304,0.0000,0.0000,0.0000,-0.0000,0.0000,-3.5462,-0.1529,0.0082,-1.7731,0.0000,-0.0000,0.0000
4522,0.0607,-0.0742,1.4302,0.0000,0.0000,0.0000,0.0000,0.0000,-3.5485,-0.1530,0.0081,-1.7743,0.0000,-0.0000,0.0000
4533,0.0607,-0.0742,1.4299,0.0000,0.0000,0.0000,-0.0000,0.0000,-3.5537,-0.1533,0.0081,-1.7769,0.0000,-0.0000,0.0000
4560,0.0607,-0.0742,1.4296,0.0000,0.0000,0.0000,0.0000,0.0000,-3.5644,-0.1537,0.0081,-1.7822,0.0000,-0.0000,0.0000
4578,0.0607,-0.0742,1.4292,0.0000,0.0000,0.0000,-0.0000,0.0000,-3.5723,-0.1541,0.0081,-1.7861,0.0000,-0.0000,0.0000
4593,0.0607,-0.0742,1.4290,0.0000,0.0000,0.0000,0.0000,0.0000,-3.5776,-0.1543,0.0081,-1.7888,0.0000,-0.0000,0.0000
4608,0.0607,-0.0742,1.4289,0.0000,0.0000,0.0000,0.0000,0.0000,-3.5830,-0.1546,0.0081,-1.7915,0.0000,-0.0000,0.0000
4620,0.0607,-0.0742,1.4287,0.0000,0.0000,0.0000,0.0000,0.0000,-3.5883,-0.1548,0.0081,-1.7942,0.0000,-0.0000,0.0000
4635,0.0607,-0.0742,1.4285,0.0000,0.0000,0.0000,0.0000,0.0000,-3.5937,-0.1550,0.0081,-1.7968,0.0000,-0.0000,0.0000
4653,0.0606,-0.0742,1.4282,0.0000,0.0000,0.0000,-0.0000,0.0000,-3.6016,-0.1552,0.0082,-1.8008,0.0000,-0.0000,0.0000
4659,0.0606,-0.0742,1.4282,0.0000,0.0000,0.0000,0.0000,0.0000,-3.6044,-0.1554,0.0082,-1.8022,0.0000,-0.0000,0.0000
4679,0.0606,-0.0742,1.4278,0.0000,0.0000,0.0000,0.0000,0.0000,-3.6123,-0.1557,0.0082,-1.8061,0.0000,-0.0000,0.0000
4694,0.0606,-0.0743,1.4276,0.0000,0.0000,0.0000,0.0000,0.0000,-3.6176,-0.1561,0.0083,-1.8088,0.0000,-0.0000,0.0000
4706,0.0606,-0.0743,1.4276,0.0000,0.0000,0.0000,0.0000,0.0000,-3.6233,-0.1564,0.0084,-1.8116,0.0000,-0.0000,0.0000
4718,0.0606,-0.0743,1.4276,0.0000,0.0000,0.0000,0.0000,0.0000,-3.6288,-0.1566,0.0084,-1.8144,0.0000,-0.0000,0.0000
4727,0.0606,-0.0743,1.4274,0.0000,0.0000,0.0000,-0.0000,0.0000,-3.6341,-0.1568,0.0083,-1.8170,0.0000,-0.0000,0.0000
4747,0.0606,-0.0743,1.4272,0.0000,0.0000,0.0000,0.0000,0.0000,-3.6409,-0.1571,0.0083,-1.8204,0.0000,-0.0000,0.0000
4766,0.0606,-0.0743,1.4270,0.0000,0.0000,0.0000,0.0000,0.0000,-3.6409,-0.1571,0.0083,-1.8204,0.0000,-0.0000,0.0000
4775,0.0606,-0.0743,1.4270,0.0000,0.0000,0.0000,0.0000,0.0000,-3.6405,-0.1571,0.0083,-1.8203,0.0000,-0.0000,0.0000
4818,0.0606,-0.0743,1.4267,0.0000,0.0000,0.0000,0.0000,0.0000,-3.6398,-0.1571,0.0083,-1.8199,0.0000,-0.0000,0.0000
4824,0.0606,-0.0743,1.4267,0.0000,0.0000,0.0000,0.0000,0.0000,-3.6398,-0.1571,0.0083,-1.8199,0.0000,-0.0000,0.0000
4840,0.0606,-0.0743,1.4264,0.0000,0.0000,0.0000,0.0000,0.0000,-3.6391,-0.1571,0.0083,-1.8196,0.0000,-0.0000,0.0000
4849,0.0606,-0.0743,1.4263,0.0000,0.0000,0.0000,0.0000,0.0000,-3.6390,-0.1571,0.0083,-1.8195,0.0000,-0.0000,0.0000
4872,0.0606,-0.0743,1.4261,0.0000,0.0000,0.0000,0.0000,0.0000,-3.6386,-0.1570,0.0083,-1.8193,0.0000,-0.0000,0.0000
4878,0.0606,-0.0743,1.4259,0.0000,0.0000,0.0000,0.0000,0.0000,-3.6383,-0.1570,0.0082,-1.8191,0.0000,-0.0000,0.0000
4892,0.0606,-0.0743,1.4257,0.0000,0.0000,0.0000,0.0000,0.0000,-3.6379,-0.1570,0.0082,-1.8190,0.0000,-0.0000,0.0000
4907,0.0606,-0.0744,1.4256,0.0000,0.0000,0.0000,0.0000,0.0000,-3.6376,-0.1572,0.0084,-1.8188,0.0000,-0.0000,0.0000
4923,0.0606,-0.0744,1.4254,0.0000,0.0000,0.0000,0.0000,0.0000,-3.6372,-0.1571,0.0083,-1.8186,0.0000,-0.0000,0.0000
4942,0.0606,-0.0744,1.4252,0.0000,0.0000,0.0000,0.0000,0.0000,-3.6369,-0.1571,0.0083,-1.8184,0.0000,-0.0000,0.0000
4950,0.0606,-0.0744,1.4252,0.0000,0.0000,0.0000,0.0000,0.0000,-3.6369,-0.1571,0.0083,-1.8184,0.0000,-0.0000,0.0000
4967,0.0604,-0.0744,1.4249,0.0000,0.0000,0.0000,0.0000,0.0000,-3.6362,-0.1570,0.0085,-1.8181,0.0000,-0.0000,0.0000
4981,0.0604,-0.0744,1.4247,0.0000,0.0000,0.0000,0.0000,0.0000,-3.6362,-0.1570,0.0085,-1.8181,0.0000,-0.0000,0.0000
4995,0.0604,-0.0744,1.4246,0.0000,0.0000,0.0000,0.0000,0.0000,-3.6357,-0.1569,0.0084,-1.8178,0.0000,-0.0000,0.0000
5003,0.0604,-0.0744,1.4244,0.0000,0.0000,0.0000,0.0000,0.0000,-3.6357,-0.1569,0.0084,-1.8178,0.0000,-0.0000,0.0000
5017,0.0604,-0.0744,1.4243,0.0000,0.0000,0.0000,0.0000,0.0000,-3.6350,-0.1569,0.0084,-1.8175,0.0000,-0.0000,0.0000
5034,0.0604,-0.0744,1.4241,0.0000,0.0000,0.0000,0.0000,0.0000,-3.6347,-0.1569,0.0084,-1.8173,0.0000,-0.0000,0.0000
5042,0.0604,-0.0744,1.4241,0.0000,0.0000,0.0000,0.0000,0.0000,-3.6347,-0.1569,0.0084,-1.8173,0.0000,-0.0000,0.0000
5058,0.0604,-0.0744,1.4240,0.0000,0.0000,0.0000,0.0000,0.0000,-3.6345,-0.1569,0.0084,-1.8172,0.0000,-0.0000,0.0000
5074,0.0604,-0.0744,1.4238,0.0000,0.0000,0.0000,0.0000,0.0000,-3.6341,-0.1569,0.0084,-1.8171,0.0000,-0.0000,0.0000
5086,0.0604,-0.0744,1.4238,0.0000,0.0000,0.0000,0.0000,0.0000,-3.6340,-0.1569,0.0084,-1.8170,0.0000,-0.0000,0.0000
5110,0.0604,-0.0744,1.4235,0.0000,0.0000,0.0000,0.0000,0.0000,-3.6334,-0.1568,0.0084,-1.8167,0.0000,-0.0000,0.0000
5129,0.0604,-0.0744,1.4233,0.0000,0.0000,0.0000,0.0000,0.0000,-3.6331,-0.1568,0.0083,-1.8165,0.0000,-0.0000,0.0000
5145,0.0604,-0.0744,1.4233,0.0000,0.0000,0.0000,0.0000,0.0000,-3.6331,-0.1568,0.0083,-1.8165,0.0000,-0.0000,0.0000
5151,0.0604,-0.0744,1.4231,0.0000,0.0000,0.0000,0.0000,0.0000,-3.6328,-0.1568,0.0083,-1.8164,0.0000,-0.0000,0.0000
5167,0.0604,-0.0744,1.4230,0.0000,0.0000,0.0000,0.0000,0.0000,-3.6324,-0.1568,0.0083,-1.8162,0.0000,-0.0000,0.0000
5199,0.0604,-0.0745,1.4226,0.0000,0.0000,0.0000,0.0000,0.0000,-3.6317,-0.1569,0.0084,-1.8158,0.0000,-0.0000,0.0000
5216,0.0604,-0.0745,1.4224,0.0000,0.0000,0.0000,0.0000,0.0000,-3.6312,-0.1569,0.0084,-1.8156,0.0000,-0.0000,0.0000
5219,0.0604,-0.0745,1.4224,0.0000,0.0000,0.0000,0.0000,0.0000,-3.6312,-0.1569,0.0084,-1.8156,0.0000,-0.0000,0.0000
5235,0.0604,-0.0745,1.4224,0.0000,0.0000,0.0000,0.0000,0.0000,-3.6312,-0.1569,0.0084,-1.8156,0.0000,-0.0000,0.0000
5261,0.0603,-0.0745,1.4219,0.0000,0.0000,0.0000,0.0000,0.0000,-3.6303,-0.1567,0.0085,-1.8152,0.0000,-0.0000,0.0000
5277,0.0603,-0.0745,1.4218,0.0000,0.0000,0.0000,0.0000,0.0000,-3.6302,-0.1567,0.0085,-1.8151,0.0000,-0.0000,0.0000
5286,0.0603,-0.0745,1.4218,0.0000,0.0000,0.0000,0.0000,0.0000,-3.6302,-0.1567,0.0085,-1.8151,0.0000,-0.0000,0.0000
5298,0.0603,-0.0745,1.4217,0.0000,0.0000,0.0000,0.0000,0.0000,-3.6298,-0.1567,0.0085,-1.8149,0.0000,-0.0000,0.0000
5345,0.0603,-0.0745,1.4213,0.0000,0.0000,0.0000,0.0000,0.0000,-3.6293,-0.1567,0.0085,-1.8146,0.0000,-0.0000,0.0000
5362,0.0603,-0.0745,1.4213,0.0000,0.0000,0.0000,0.0000,0.0000,-3.6291,-0.1567,0.0085,-1.8146,0.0000,-0.0000,0.0000
5373,0.0603,-0.0745,1.4212,0.0000,0.0000,0.0000,0.0000,0.0000,-3.6289,-0.1567,0.0085,-1.8145,0.0000,-0.0000,0.0000
5384,0.0603,-0.0745,1.4212,0.0000,0.0000,0.0000,0.0000,0.0000,-3.6288,-0.1567,0.0085,-1.8144,0.0000,-0.0000,0.0000
5393,0.0603,-0.0745,1.4212,0.0000,0.0000,0.0000,0.0000,0.0000,-3.6288,-0.1567,0.0085,-1.8144,0.0000,-0.0000,0.0000
5410,0.0603,-0.0745,1.4209,0.0000,0.0000,0.0000,0.0000,0.0000,-3.6283,-0.1566,0.0085,-1.8141,0.0000,-0.0000,0.0000
5423,0.0603,-0.0745,1.4209,0.0000,0.0000,0.0000,0.0000,0.0000,-3.6283,-0.1566,0.0085,-1.8141,0.0000,-0.0000,0.0000
5438,0.0603,-0.0745,1.4209,0.0000,0.0000,0.0000,0.0000,0.0000,-3.6283,-0.1566,0.0085,-1.8141,0.0000,-0.0000,0.0000
5455,0.0603,-0.0745,1.4206,0.0000,0.0000,0.0000,0.0000,0.0000,-3.6279,-0.1566,0.0084,-1.8140,0.0000,-0.0000,0.0000
5464,0.0603,-0.0745,1.4206,0.0000,0.0000,0.0000,0.0000,0.0000,-3.6277,-0.1566,0.0084,-1.8139,0.0000,-0.0000,0.0000
5480,0.0603,-0.0745,1.4206,0.0000,0.0000,0.0000,0.0000,0.0000,-3.6276,-0.1566,0.0084,-1.8138,0.0000,-0.0000,0.0000
5498,0.0603,-0.0746,1.4204,0.0000,0.0000,0.0000,-0.0000,0.0000,-3.6272,-0.1568,0.0086,-1.8136,0.0000,-0.0000,0.0000
5513,0.0603,-0.0746,1.4204,0.0000,0.0000,0.0000,0.0000,0.0000,-3.6272,-0.1568,0.0086,-1.8136,0.0000,-0.0000,0.0000
5531,0.0603,-0.0746,1.4203,0.0000,0.0000,0.0000,0.0000,0.0000,-3.6270,-0.1568,0.0086,-1.8135,0.0000,-0.0000,0.0000
5543,0.0603,-0.0746,1.4201,0.0000,0.0000,0.0000,0.0000,0.0000,-3.6267,-0.1567,0.0085,-1.8133,0.0000,-0.0000,0.0000
5559,0.0603,-0.0746,1.4199,0.0000,0.0000,0.0000,0.0000,0.0000,-3.6263,-0.1567,0.0085,-1.8132,0.0000,-0.0000,0.0000
5568,0.0603,-0.0746,1.4199,0.0000,0.0000,0.0000,0.0000,0.0000,-3.6263,-0.1567,0.0085,-1.8132,0.0000,-0.0000,0.0000
5588,0.0603,-0.0746,1.4199,0.0000,0.0000,0.0000,0.0000,0.0000,-3.6263,-0.1567,0.0085,-1.8132,0.0000,-0.0000,0.0000
5608,0.0603,-0.0746,1.4198,0.0000,0.0000,0.0000,0.0000,0.0000,-3.6260,-0.1567,0.0085,-1.8130,0.0000,-0.0000,0.0000
5614,0.0603,-0.0746,1.4198,0.0000,0.0000,0.0000,0.0000,0.0000,-3.6260,-0.1567,0.0085,-1.8130,0.0000,-0.0000,0.0000
5630,0.0603,-0.0746,1.4196,0.0000,0.0000,0.0000,0.0000,0.0000,-3.6256,-0.1567,0.0085,-1.8128,0.0000,-0.0000,0.0000
5659,0.0601,-0.0746,1.4194,0.0000,0.0000,0.0000,0.0000,0.0000,-3.6255,-0.1566,0.0087,-1.8127,0.0000,-0.0000,0.0000
5662,0.0601,-0.0746,1.4194,0.0000,0.0000,0.0000,0.0000,0.0000,-3.6253,-0.1565,0.0086,-1.8127,0.0000,-0.0000,0.0000
5706,0.0601,-0.0746,1.4190,0.0000,0.0000,0.0000,0.0000,0.0000,-3.6245,-0.1565,0.0086,-1.8122,0.0000,-0.0000,0.0000
5708,0.0601,-0.0746,1.4190,0.0000,0.0000,0.0000,0.0000,0.0000,-3.6245,-0.1565,0.0086,-1.8122,0.0000,-0.0000,0.0000
5731,0.0601,-0.0746,1.4188,0.0000,0.0000,0.0000,0.0000,0.0000,-3.6241,-0.1565,0.0086,-1.8121,0.0000,-0.0000,0.0000
5742,0.0601,-0.0746,1.4186,0.0000,0.0000,0.0000,0.0000,0.0000,-3.6238,-0.1565,0.0086,-1.8119,0.0000,-0.0000,0.0000
5756,0.0601,-0.0746,1.4186,0.0000,0.0000,0.0000,0.0000,0.0000,-3.6238,-0.1565,0.0086,-1.8119,0.0000,-0.0000,0.0000
5772,0.0601,-0.0746,1.4186,0.0000,0.0000,0.0000,0.0000,0.0000,-3.6238,-0.1565,0.0086,-1.8119,0.0000,-0.0000,0.0000
5796,0.0601,-0.0746,1.4185,0.0000,0.0000,0.0000,0.0000,0.0000,-3.6234,-0.1565,0.0086,-1.8117,0.0000,-0.0000,0.0000
5799,0.0601,-0.0746,1.4185,0.0000,0.0000,0.0000,0.0000,0.0000,-3.6234,-0.1565,0.0086,-1.8117,0.0000,-0.0000,0.0000
5818,0.0601,-0.0746,1.4183,0.0000,0.0000,0.0000,0.0000,0.0000,-3.6231,-0.1565,0.0086,-1.8115,0.0000,-0.0000,0.0000
5829,0.0601,-0.0746,1.4182,0.0000,0.0000,0.0000,0.0000,0.0000,-3.6229,-0.1564,0.0085,-1.8114,0.0000,-0.0000,0.0000
5838,0.0601,-0.0746,1.4182,0.0000,0.0000,0.0000,0.0000,0.0000,-3.6229,-0.1564,0.0085,-1.8114,0.0000,-0.0000,0.0000
5869,0.0601,-0.0746,1.4180,0.0000,0.0000,0.0000,0.0000,0.0000,-3.6226,-0.1564,0.0085,-1.8113,0.0000,-0.0000,0.0000
5879,0.0601,-0.0746,1.4180,0.0000,0.0000,0.0000,0.0000,0.0000,-3.6226,-0.1564,0.0085,-1.8113,0.0000,-0.0000,0.0000
5890,0.0601,-0.0746,1.4179,0.0000,0.0000,0.0000,0.0000,0.0000,-3.6222,-0.1564,0.0085,-1.8111,0.0000,-0.0000,0.0000
5913,0.0601,-0.0746,1.4179,0.0000,0.0000,0.0000,0.0000,0.0000,-3.6222,-0.1564,0.0085,-1.8111,0.0000,-0.0000,0.0000
5921,0.0601,-0.0747,1.4177,0.0000,0.0000,0.0000,-0.0000,0.0000,-3.6218,-0.1566,0.0087,-1.8109,0.0000,-0.0000,0.0000
5947,0.0601,-0.0747,1.4174,0.0000,0.0000,0.0000,0.0000,0.0000,-3.6213,-0.1565,0.0086,-1.8107,0.0000,-0.0000,0.0000
5950,0.0601,-0.0747,1.4174,0.0000,0.0000,0.0000,0.0000,0.0000,-3.6213,-0.1565,0.0086,-1.8107,0.0000,-0.0000,0.0000
5975,0.0601,-0.0747,1.4173,0.0000,0.0000,0.0000,0.0000,0.0000,-3.6210,-0.1565,0.0086,-1.8105,0.0000,-0.0000,0.0000
5987,0.0601,-0.0747,1.4172,0.0000,0.0000,0.0000,0.0000,0.0000,-3.6208,-0.1565,0.0086,-1.8104,0.0000,-0.0000,0.0000
5996,0.0601,-0.0747,1.4171,0.0000,0.0000,0.0000,0.0000,0.0000,-3.6206,-0.1565,0.0086,-1.8103,0.0000,-0.0000,0.0000
6018,0.0601,-0.0747,1.4170,0.0000,0.0000,0.0000,0.0000,0.0000,-3.6205,-0.1565,0.0086,-1.8102,0.0000,-0.0000,0.0000
6021,0.0601,-0.0747,1.4170,0.0000,0.0000,0.0000,0.0000,0.0000,-3.6205,-0.1565,0.0086,-1.8102,0.0000,-0.0000,0.0000
6057,0.0601,-0.0747,1.4167,0.0000,0.0000,0.0000,0.0000,0.0000,-3.6203,-0.1565,0.0086,-1.8101,0.0000,-0.0000,0.0000
6065,0.0601,-0.0747,1.4167,0.0000,0.0000,0.0000,0.0000,0.0000,-3.6199,-0.1565,0.0086,-1.8100,0.0000,-0.0000,0.0000
6080,0.0600,-0.0747,1.4166,0.0000,0.0000,0.0000,0.0000,0.0000,-3.6200,-0.1563,0.0087,-1.8100,0.0000,-0.0000,0.0000
6088,0.0600,-0.0747,1.4166,0.0000,0.0000,0.0000,0.0000,0.0000,-3.6196,-0.1563,0.0087,-1.8098,0.0000,-0.0000,0.0000
6105,0.0600,-0.0747,1.4166,0.0000,0.0000,0.0000,0.0000,0.0000,-3.6196,-0.1563,0.0087,-1.8098,0.0000,-0.0000,0.0000
6114,0.0600,-0.0747,1.4166,0.0000,0.0000,0.0000,0.0000,0.0000,-3.6196,-0.1563,0.0087,-1.8098,0.0000,-0.0000,0.0000
6125,0.0600,-0.0747,1.4164,0.0000,0.0000,0.0000,0.0000,0.0000,-3.6193,-0.1563,0.0087,-1.8096,0.0000,-0.0000,0.0000
6148,0.0600,-0.0747,1.4162,0.0000,0.0000,0.0000,0.0000,0.0000,-3.6189,-0.1563,0.0087,-1.8095,0.0000,-0.0000,0.0000
6157,0.0600,-0.0747,1.4162,0.0000,0.0000,0.0000,0.0000,0.0000,-3.6189,-0.1563,0.0087,-1.8095,0.0000,-0.0000,0.0000
6166,0.0600,-0.0747,1.4162,0.0000,0.0000,0.0000,0.0000,0.0000,-3.6189,-0.1563,0.0087,-1.8095,0.0000,-0.0000,0.0000
6195,0.0600,-0.0747,1.4160,0.0000,0.0000,0.0000,0.0000,0.0000,-3.6186,-0.1563,0.0087,-1.8093,0.0000,-0.0000,0.0000
6203,0.0600,-0.0747,1.4160,0.0000,0.0000,0.0000,0.0000,0.0000,-3.6186,-0.1563,0.0087,-1.8093,0.0000,-0.0000,0.0000
6219,0.0600,-0.0747,1.4160,0.0000,0.0000,0.0000,0.0000,0.0000,-3.6184,-0.1563,0.0087,-1.8092,0.0000,-0.0000,0.0000
6228,0.0600,-0.0747,1.4159,0.0000,0.0000,0.0000,0.0000,0.0000,-3.6182,-0.1563,0.0087,-1.8091,0.0000,-0.0000,0.0000
6255,0.0600,-0.0747,1.4158,0.0000,0.0000,0.0000,0.0000,0.0000,-3.6181,-0.1563,0.0087,-1.8090,0.0000,-0.0000,0.0000
6258,0.0600,-0.0747,1.4158,0.0000,0.0000,0.0000,0.0000,0.0000,-3.6181,-0.1563,0.0087,-1.8090,0.0000,-0.0000,0.0000
6275,0.0600,-0.0747,1.4157,0.0000,0.0000,0.0000,0.0000,0.0000,-3.6179,-0.1563,0.0087,-1.8090,0.0000,-0.0000,0.0000
6285,0.0600,-0.0747,1.4156,0.0000,0.0000,0.0000,0.0000,0.0000,-3.6177,-0.1563,0.0086,-1.8089,0.0000,-0.0000,0.0000
6296,0.0600,-0.0747,1.4156,0.0000,0.0000,0.0000,0.0000,0.0000,-3.6177,-0.1563,0.0086,-1.8089,0.0000,-0.0000,0.0000
6323,0.0600,-0.0748,1.4154,0.0000,0.0000,0.0000,0.0000,0.0000,-3.6173,-0.1564,0.0088,-1.8087,0.0000,-0.0000,0.0000
6339,0.0600,-0.0748,1.4153,0.0000,0.0000,0.0000,0.0000,0.0000,-3.6173,-0.1564,0.0088,-1.8087,0.0000,-0.0000,0.0000
6353,0.0600,-0.0748,1.4153,0.0000,0.0000,0.0000,0.0000,0.0000,-3.6170,-0.1564,0.0088,-1.8085,0.0000,-0.0000,0.0000
6388,0.0600,-0.0748,1.4150,0.0000,0.0000,0.0000,0.0000,0.0000,-3.6165,-0.1564,0.0087,-1.8082,0.0000,-0.0000,0.0000
6425,0.0600,-0.0748,1.4149,0.0000,0.0000,0.0000,0.0000,0.0000,-3.6163,-0.1564,0.0087,-1.8082,0.0000,-0.0000,0.0000
6434,0.0600,-0.0748,1.4149,0.0000,0.0000,0.0000,0.0000,0.0000,-3.6163,-0.1564,0.0087,-1.8082,0.0000,-0.0000,0.0000
6448,0.0600,-0.0748,1.4148,0.0000,0.0000,0.0000,0.0000,0.0000,-3.6161,-0.1564,0.0087,-1.8081,0.0000,-0.0000,0.0000
6462,0.0600,-0.0748,1.4147,0.0000,0.0000,0.0000,0.0000,0.0000,-3.6160,-0.1563,0.0087,-1.8080,0.0000,-0.0000,0.0000
6474,0.0600,-0.0748,1.4147,0.0000,0.0000,0.0000,0.0000,0.0000,-3.6158,-0.1563,0.0087,-1.8079,0.0000,-0.0000,0.0000
6500,0.0600,-0.0748,1.4145,0.0000,0.0000,0.0000,0.0000,0.0000,-3.6154,-0.1563,0.0087,-1.8077,0.0000,-0.0000,0.0000
6509,0.0600,-0.0748,1.4145,0.0000,0.0000,0.0000,0.0000,0.0000,-3.6154,-0.1563,0.0087,-1.8077,0.0000,-0.0000,0.0000
6530,0.0599,-0.0748,1.4143,0.0000,0.0000,0.0000,0.0000,0.0000,-3.6151,-0.1563,0.0087,-1.8075,0.0000,-0.0000,0.0000
6542,0.0599,-0.0748,1.4143,0.0000,0.0000,0.0000,0.0000,0.0000,-3.6151,-0.1563,0.0087,-1.8075,0.0000,-0.0000,0.0000
6564,0.0599,-0.0748,1.4143,0.0000,0.0000,0.0000,0.0000,0.0000,-3.6151,-0.1563,0.0087,-1.8075,0.0000,-0.0000,0.0000
6576,0.0599,-0.0748,1.4141,0.0000,0.0000,0.0000,0.0000,0.0000,-3.6148,-0.1563,0.0087,-1.8074,0.0000,-0.0000,0.0000
6613,0.0599,-0.0748,1.4140,0.0000,0.0000,0.0000,0.0000,0.0000,-3.6144,-0.1563,0.0087,-1.8072,0.0000,-0.0000,0.0000
6616,0.0599,-0.0748,1.4140,0.0000,0.0000,0.0000,0.0000,0.0000,-3.6144,-0.1563,0.0087,-1.8072,0.0000,-0.0000,0.0000
6639,0.0599,-0.0750,1.4138,0.0000,0.0000,0.0000,0.0000,0.0000,-3.6140,-0.1564,0.0088,-1.8070,0.0000,-0.0000,0.0000
6645,0.0599,-0.0750,1.4138,0.0000,0.0000,0.0000,0.0000,0.0000,-3.6140,-0.1564,0.0088,-1.8070,0.0000,-0.0000,0.0000
6658,0.0599,-0.0750,1.4138,0.0000,0.0000,0.0000,0.0000,0.0000,-3.6140,-0.1564,0.0088,-1.8070,0.0000,-0.0000,0.0000
6675,0.0599,-0.0750,1.4138,0.0000,0.0000,0.0000,0.0000,0.0000,-3.6140,-0.1564,0.0088,-1.8070,0.0000,-0.0000,0.0000
6686,0.0599,-0.0750,1.4137,0.0000,0.0000,0.0000,0.0000,0.0000,-3.6139,-0.1564,0.0088,-1.8069,0.0000,-0.0000,0.0000
6703,0.0599,-0.0750,1.4135,0.0000,0.0000,0.0000,0.0000,0.0000,-3.6135,-0.1564,0.0088,-1.8068,0.0000,-0.0000,0.0000
6716,0.0599,-0.0750,1.4135,0.0000,0.0000,0.0000,0.0000,0.0000,-3.6135,-0.1564,0.0088,-1.8068,0.0000,-0.0000,0.0000
6738,0.0599,-0.0750,1.4134,0.0000,0.0000,0.0000,0.0000,0.0000,-3.6132,-0.1564,0.0088,-1.8066,0.0000,-0.0000,0.0000
6742,0.0599,-0.0750,1.4134,0.0000,0.0000,0.0000,0.0000,0.0000,-3.6132,-0.1564,0.0088,-1.8066,0.0000,-0.0000,0.0000
6761,0.0599,-0.0750,1.4134,0.0000,0.0000,0.0000,0.0000,0.0000,-3.6132,-0.1564,0.0088,-1.8066,0.0000,-0.0000,0.0000
6772,0.0599,-0.0750,1.4134,0.0000,0.0000,0.0000,0.0000,0.0000,-3.6132,-0.1564,0.0088,-1.8066,0.0000,-0.0000,0.0000
6783,0.0599,-0.0750,1.4132,0.0000,0.0000,0.0000,0.0000,0.0000,-3.6128,-0.1564,0.0087,-1.8064,0.0000,-0.0000,0.0000
6801,0.0599,-0.0750,1.4132,0.0000,0.0000,0.0000,0.0000,0.0000,-3.6128,-0.1564,0.0087,-1.8064,0.0000,-0.0000,0.0000
6807,0.0599,-0.0750,1.4132,0.0000,0.0000,0.0000,0.0000,0.0000,-3.6128,-0.1564,0.0087,-1.8064,0.0000,-0.0000,0.0000
6826,0.0599,-0.0750,1.4132,0.0000,0.0000,0.0000,0.0000,0.0000,-3.6128,-0.1564,0.0087,-1.8064,0.0000,-0.0000,0.0000
6847,0.0599,-0.0750,1.4130,0.0000,0.0000,0.0000,0.0000,0.0000,-3.6125,-0.1564,0.0087,-1.8062,0.0000,-0.0000,0.0000
6866,0.0599,-0.0750,1.4130,0.0000,0.0000,0.0000,0.0000,0.0000,-3.6125,-0.1564,0.0087,-1.8062,0.0000,-0.0000,0.0000
6877,0.0599,-0.0750,1.4128,0.0000,0.0000,0.0000,0.0000,0.0000,-3.6121,-0.1563,0.0087,-1.8061,0.0000,-0.0000,0.0000
6893,0.0599,-0.0750,1.4128,0.0000,0.0000,0.0000,0.0000,0.0000,-3.6121,-0.1563,0.0087,-1.8061,0.0000,-0.0000,0.0000
6899,0.0599,-0.0750,1.4128,0.0000,0.0000,0.0000,0.0000,0.0000,-3.6121,-0.1563,0.0087,-1.8061,0.0000,-0.0000,0.0000
6951,0.0599,-0.0750,1.4126,0.0000,0.0000,0.0000,0.0000,0.0000,-3.6116,-0.1563,0.0087,-1.8058,0.0000,-0.0000,0.0000
6963,0.0599,-0.0750,1.4126,0.0000,0.0000,0.0000,0.0000,0.0000,-3.6116,-0.1563,0.0087,-1.8058,0.0000,-0.0000,0.0000
6982,0.0599,-0.0750,1.4125,0.0000,0.0000,0.0000,0.0000,0.0000,-3.6115,-0.1563,0.0087,-1.8057,0.0000,-0.0000,0.0000
6985,0.0599,-0.0750,1.4125,0.0000,0.0000,0.0000,0.0000,0.0000,-3.6115,-0.1563,0.0087,-1.8057,0.0000,-0.0000,0.0000
7003,0.0599,-0.0750,1.4124,0.0000,0.0000,0.0000,0.0000,0.0000,-3.6113,-0.1563,0.0087,-1.8056,0.0000,-0.0000,0.0000
7018,0.0599,-0.0750,1.4124,0.0000,0.0000,0.0000,0.0000,0.0000,-3.6113,-0.1563,0.0087,-1.8056,0.0000,-0.0000,0.0000
7034,0.0599,-0.0750,1.4122,0.0000,0.0000,0.0000,0.0000,0.0000,-3.6109,-0.1563,0.0087,-1.8055,0.0000,-0.0000,0.0000
7054,0.0599,-0.0750,1.4122,0.0000,0.0000,0.0000,0.0000,0.0000,-3.6109,-0.1563,0.0087,-1.8055,0.0000,-0.0000,0.0000
7062,0.0599,-0.0749,1.4121,0.0000,0.0000,0.0000,0.0000,0.0000,-3.6106,-0.1563,0.0087,-1.8053,0.0000,-0.0000,0.0000
7073,0.0599,-0.0749,1.4121,0.0000,0.0000,0.0000,0.0000,0.0000,-3.6106,-0.1563,0.0087,-1.8053,0.0000,-0.0000,0.0000
7094,0.0599,-0.0749,1.4121,0.0000,0.0000,0.0000,0.0000,0.0000,-3.6106,-0.1563,0.0087,-1.8053,0.0000,-0.0000,0.0000
7100,0.0599,-0.0749,1.4121,0.0000,0.0000,0.0000,0.0000,0.0000,-3.6106,-0.1563,0.0087,-1.8053,0.0000,-0.0000,0.0000
7111,0.0599,-0.0749,1.4119,0.0000,0.0000,0.0000,0.0000,0.0000,-3.6102,-0.1563,0.0086,-1.8051,0.0000,-0.0000,0.0000
7140,0.0599,-0.0749,1.4119,0.0000,0.0000,0.0000,0.0000,0.0000,-3.6102,-0.1563,0.0086,-1.8051,0.0000,-0.0000,0.0000
7159,0.0599,-0.0749,1.4117,0.0000,0.0000,0.0000,0.0000,0.0000,-3.6099,-0.1563,0.0086,-1.8049,0.0000,-0.0000,0.0000
7179,0.0599,-0.0749,1.4116,0.0000,0.0000,0.0000,0.0000,0.0000,-3.6097,-0.1563,0.0086,-1.8049,0.0000,-0.0000,0.0000
7185,0.0599,-0.0749,1.4115,0.0000,0.0000,0.0000,0.0000,0.0000,-3.6096,-0.1562,0.0086,-1.8048,0.0000,-0.0000,0.0000
7199,0.0599,-0.0749,1.4115,0.0000,0.0000,0.0000,0.0000,0.0000,-3.6096,-0.1562,0.0086,-1.8048,0.0000,-0.0000,0.0000
7215,0.0599,-0.0749,1.4114,0.0000,0.0000,0.0000,0.0000,0.0000,-3.6094,-0.1562,0.0086,-1.8047,0.0000,-0.0000,0.0000
7230,0.0598,-0.0749,1.4114,0.0000,0.0000,0.0000,0.0000,0.0000,-3.6092,-0.1561,0.0088,-1.8046,0.0000,-0.0000,0.0000
7236,0.0598,-0.0749,1.4114,0.0000,0.0000,0.0000,0.0000,0.0000,-3.6092,-0.1561,0.0088,-1.8046,0.0000,-0.0000,0.0000
7254,0.0598,-0.0749,1.4113,0.0000,0.0000,0.0000,0.0000,0.0000,-3.6090,-0.1561,0.0088,-1.8045,0.0000,-0.0000,0.0000
7270,0.0598,-0.0749,1.4111,0.0000,0.0000,0.0000,0.0000,0.0000,-3.6087,-0.1561,0.0087,-1.8044,0.0000,-0.0000,0.0000
7283,0.0598,-0.0749,1.4111,0.0000,0.0000,0.0000,0.0000,0.0000,-3.6087,-0.1561,0.0087,-1.8044,0.0000,-0.0000,0.0000
7291,0.0598,-0.0749,1.4111,0.0000,0.0000,0.0000,0.0000,0.0000,-3.6087,-0.1561,0.0087,-1.8044,0.0000,-0.0000,0.0000
7302,0.0598,-0.0749,1.4111,0.0000,0.0000,0.0000,0.0000,0.0000,-3.6087,-0.1561,0.0087,-1.8044,0.0000,-0.0000,0.0000
7316,0.0598,-0.0749,1.4110,0.0000,0.0000,0.0000,0.0000,0.0000,-3.6086,-0.1560,0.0087,-1.8043,0.0000,-0.0000,0.0000
7325,0.0598,-0.0749,1.4109,0.0000,0.0000,0.0000,0.0000,0.0000,-3.6084,-0.1560,0.0087,-1.8042,0.0000,-0.0000,0.0000
7352,0.0598,-0.0749,1.4108,0.0000,0.0000,0.0000,0.0000,0.0000,-3.6084,-0.1560,0.0087,-1.8042,0.0000,-0.0000,0.0000
7363,0.0598,-0.0749,1.4108,0.0000,0.0000,0.0000,0.0000,0.0000,-3.6080,-0.1560,0.0087,-1.8040,0.0000,-0.0000,0.0000
7376,0.0598,-0.0749,1.4108,0.0000,0.0000,0.0000,0.0000,0.0000,-3.6080,-0.1560,0.0087,-1.8040,0.0000,-0.0000,0.0000
7396,0.0598,-0.0749,1.4108,0.0000,0.0000,0.0000,0.0000,0.0000,-3.6080,-0.1560,0.0087,-1.8040,0.0000,-0.0000,0.0000
7404,0.0598,-0.0749,1.4107,0.0000,0.0000,0.0000,0.0000,0.0000,-3.6080,-0.1560,0.0087,-1.8040,0.0000,-0.0000,0.0000
7424,0.0598,-0.0749,1.4106,0.0000,0.0000,0.0000,0.0000,0.0000,-3.6078,-0.1560,0.0087,-1.8039,0.0000,-0.0000,0.0000
7439,0.0598,-0.0749,1.4106,0.0000,0.0000,0.0000,0.0000,0.0000,-3.6077,-0.1560,0.0087,-1.8038,0.0000,-0.0000,0.0000
7475,0.0598,-0.0749,1.4104,0.0000,0.0000,0.0000,0.0000,0.0000,-3.6073,-0.1560,0.0087,-1.8037,0.0000,-0.0000,0.0000
7482,0.0598,-0.0749,1.4103,0.0000,0.0000,0.0000,0.0000,0.0000,-3.6071,-0.1560,0.0087,-1.8036,0.0000,-0.0000,0.0000
7501,0.0598,-0.0749,1.4102,0.0000,0.0000,0.0000,0.0000,0.0000,-3.6071,-0.1560,0.0087,-1.8036,0.0000,-0.0000,0.0000
7513,0.0598,-0.0749,1.4102,0.0000,0.0000,0.0000,0.0000,0.0000,-3.6070,-0.1560,0.0087,-1.8035,0.0000,-0.0000,0.0000
7532,0.0598,-0.0749,1.4102,0.0000,0.0000,0.0000,0.0000,0.0000,-3.6068,-0.1560,0.0087,-1.8034,0.0000,-0.0000,0.0000
7541,0.0598,-0.0749,1.4102,0.0000,0.0000,0.0000,0.0000,0.0000,-3.6068,-0.1560,0.0087,-1.8034,0.0000,-0.0000,0.0000
7555,0.0598,-0.0749,1.4101,0.0000,0.0000,0.0000,0.0000,0.0000,-3.6067,-0.1560,0.0087,-1.8033,0.0000,-0.0000,0.0000
7561,0.0598,-0.0749,1.4101,0.0000,0.0000,0.0000,0.0000,0.0000,-3.6067,-0.1560,0.0087,-1.8033,0.0000,-0.0000,0.0000
7582,0.0598,-0.0749,1.4100,0.0000,0.0000,0.0000,0.0000,0.0000,-3.6065,-0.1560,0.0086,-1.8032,0.0000,-0.0000,0.0000
7593,0.0598,-0.0749,1.4100,0.0000,0.0000,0.0000,0.0000,0.0000,-3.6065,-0.1560,0.0086,-1.8032,0.0000,-0.0000,0.0000
7610,0.0598,-0.0749,1.4098,0.0000,0.0000,0.0000,0.0000,0.0000,-3.6061,-0.1560,0.0086,-1.8031,0.0000,-0.0000,0.0000
7619,0.0598,-0.0749,1.4098,0.0000,0.0000,0.0000,0.0000,0.0000,-3.6061,-0.1560,0.0086,-1.8031,0.0000,-0.0000,0.0000
7639,0.0598,-0.0749,1.4097,0.0000,0.0000,0.0000,0.0000,0.0000,-3.6059,-0.1560,0.0086,-1.8030,0.0000,-0.0000,0.0000
7652,0.0598,-0.0749,1.4096,0.0000,0.0000,0.0000,0.0000,0.0000,-3.6058,-0.1559,0.0086,-1.8029,0.0000,-0.0000,0.0000
7677,0.0598,-0.0751,1.4095,0.0000,0.0000,0.0000,0.0000,0.0000,-3.6056,-0.1561,0.0088,-1.8028,0.0000,-0.0000,0.0000
7692,0.0598,-0.0751,1.4095,0.0000,0.0000,0.0000,0.0000,0.0000,-3.6054,-0.1561,0.0088,-1.8027,0.0000,-0.0000,0.0000
7697,0.0598,-0.0751,1.4095,0.0000,0.0000,0.0000,0.0000,0.0000,-3.6054,-0.1561,0.0088,-1.8027,0.0000,-0.0000,0.0000
7709,0.0598,-0.0751,1.4094,0.0000,0.0000,0.0000,0.0000,0.0000,-3.6052,-0.1561,0.0087,-1.8026,0.0000,-0.0000,0.0000
7721,0.0598,-0.0751,1.4094,0.0000,0.0000,0.0000,0.0000,0.0000,-3.6052,-0.1561,0.0087,-1.8026,0.0000,-0.0000,0.0000
7748,0.0598,-0.0751,1.4093,0.0000,0.0000,0.0000,0.0000,0.0000,-3.6051,-0.1561,0.0087,-1.8025,0.0000,-0.0000,0.0000
7767,0.0598,-0.0751,1.4092,0.0000,0.0000,0.0000,0.0000,0.0000,-3.6049,-0.1561,0.0087,-1.8024,0.0000,-0.0000,0.0000
7786,0.0598,-0.0751,1.4090,0.0000,0.0000,0.0000,0.0000,0.0000,-3.6045,-0.1561,0.0087,-1.8023,0.0000,-0.0000,0.0000
7795,0.0598,-0.0751,1.4090,0.0000,0.0000,0.0000,0.0000,0.0000,-3.6045,-0.1561,0.0087,-1.8023,0.0000,-0.0000,0.0000
7812,0.0598,-0.0751,1.4090,0.0000,0.0000,0.0000,0.0000,0.0000,-3.6045,-0.1561,0.0087,-1.8023,0.0000,-0.0000,0.0000
7818,0.0598,-0.0751,1.4090,0.0000,0.0000,0.0000,0.0000,0.0000,-3.6045,-0.1561,0.0087,-1.8023,0.0000,-0.0000,0.0000
7832,0.0598,-0.0751,1.4089,0.0000,0.0000,0.0000,0.0000,0.0000,-3.6042,-0.1560,0.0087,-1.8021,0.0000,-0.0000,0.0000
7846,0.0598,-0.0751,1.4089,0.0000,0.0000,0.0000,0.0000,0.0000,-3.6042,-0.1560,0.0087,-1.8021,0.0000,-0.0000,0.0000
7864,0.0598,-0.0751,1.4089,0.0000,0.0000,0.0000,0.0000,0.0000,-3.6042,-0.1560,0.0087,-1.8021,0.0000,-0.0000,0.0000
7882,0.0598,-0.0750,1.4087,0.0000,0.0000,0.0000,0.0000,0.0000,-3.6038,-0.1560,0.0087,-1.8019,0.0000,-0.0000,0.0000
7891,0.0598,-0.0750,1.4087,0.0000,0.0000,0.0000,0.0000,0.0000,-3.6038,-0.1560,0.0087,-1.8019,0.0000,-0.0000,0.0000
7916,0.0598,-0.0750,1.4087,0.0000,0.0000,0.0000,0.0000,0.0000,-3.6038,-0.1560,0.0087,-1.8019,0.0000,-0.0000,0.0000
7925,0.0598,-0.0751,1.4086,0.0000,0.0000,0.0000,0.0000,0.0000,-3.6037,-0.1560,0.0087,-1.8018,0.0000,-0.0000,0.0000
7949,0.0598,-0.0750,1.4085,0.0000,0.0000,0.0000,0.0000,0.0000,-3.6035,-0.1560,0.0087,-1.8018,0.0000,-0.0000,0.0000
7963,0.0598,-0.0750,1.4084,0.0000,0.0000,0.0000,0.0000,0.0000,-3.6033,-0.1560,0.0087,-1.8017,0.0000,-0.0000,0.0000
7999,0.0598,-0.0750,1.4082,0.0000,0.0000,0.0000,0.0000,0.0000,-3.6030,-0.1560,0.0087,-1.8015,0.0000,-0.0000,0.0000
8015,0.0596,-0.0750,1.4082,0.0000,0.0000,0.0000,0.0000,0.0000,-3.6030,-0.1558,0.0088,-1.8015,0.0000,-0.0000,0.0000
8023,0.0596,-0.0750,1.4082,0.0000,0.0000,0.0000,0.0000,0.0000,-3.6028,-0.1558,0.0088,-1.8014,0.0000,-0.0000,0.0000
8031,0.0596,-0.0750,1.4082,0.0000,0.0000,0.0000,0.0000,0.0000,-3.6028,-0.1558,0.0088,-1.8014,0.0000,-0.0000,0.0000
8049,0.0596,-0.0750,1.4081,0.0000,0.0000,0.0000,0.0000,0.0000,-3.6027,-0.1558,0.0088,-1.8013,0.0000,-0.0000,0.0000
8073,0.0596,-0.0750,1.4080,0.0000,0.0000,0.0000,0.0000,0.0000,-3.6025,-0.1558,0.0088,-1.8013,0.0000,-0.0000,0.0000
8087,0.0596,-0.0750,1.4079,0.0000,0.0000,0.0000,0.0000,0.0000,-3.6023,-0.1558,0.0088,-1.8012,0.0000,-0.0000,0.0000
8095,0.0596,-0.0750,1.4079,0.0000,0.0000,0.0000,0.0000,0.0000,-3.6023,-0.1558,0.0088,-1.8012,0.0000,-0.0000,0.0000
8165,0.0596,-0.0750,1.4077,0.0000,0.0000,0.0000,-0.0000,0.0000,-2.8163,-0.1211,0.0076,-1.4081,0.0000,-0.0000,0.0000
8179,0.0596,-0.0750,1.4076,0.0000,0.0000,0.0000,0.0000,0.0000,-2.8219,-0.1214,0.0076,-1.4110,0.0000,-0.0000,0.0000
8190,0.0596,-0.0750,1.4076,0.0000,0.0000,0.0000,0.0000,0.0000,-2.8273,-0.1216,0.0076,-1.4137,0.0000,-0.0000,0.0000
8205,0.0596,-0.0750,1.4076,0.0000,0.0000,0.0000,-0.0000,0.0000,-2.8356,-0.1220,0.0077,-1.4178,0.0000,-0.0000,0.0000
8216,0.0596,-0.0750,1.4076,0.0000,0.0000,0.0000,0.0000,0.0000,-2.8384,-0.1221,0.0077,-1.4192,0.0000,-0.0000,0.0000
8230,0.0596,-0.0750,1.4074,0.0000,0.0000,0.0000,-0.0000,0.0000,-2.8465,-0.1224,0.0077,-1.4232,0.0000,-0.0000,0.0000
8244,0.0596,-0.0750,1.4074,0.0000,0.0000,0.0000,0.0000,0.0000,-2.8521,-0.1227,0.0077,-1.4260,0.0000,-0.0000,0.0000
3063,0.0604,-0.0747,1.4682,0.0039,0.0039,-0.0098,-0.0000,0.0000,-2.9643,-0.1278,0.0100,-1.4919,0.0000,-0.0118,-0.0275
3065,0.0604,-0.0747,1.4682,0.0039,0.0039,-0.0098,-0.0000,0.0000,-2.9643,-0.1278,0.0100,-1.4919,0.0000,-0.0118,-0.0275
3069,0.0604,-0.0747,1.4682,0.0039,0.0039,-0.0098,-0.0000,0.0000,-2.9673,-0.1279,0.0101,-1.4934,0.0000,-0.0118,-0.0275
3072,0.0604,-0.0747,1.4682,0.0039,0.0039,-0.0098,0.0000,0.0000,-2.9673,-0.1279,0.0101,-1.4934,0.0000,-0.0118,-0.0275
3074,0.0604,-0.0747,1.4682,0.0039,0.0039,-0.0098,0.0000,0.0000,-2.9673,-0.1279,0.0101,-1.4934,0.0000,-0.0118,-0.0275
3076,0.0604,-0.0747,1.4682,0.0039,0.0039,-0.0098,-0.0000,0.0000,-2.9703,-0.1281,0.0101,-1.4949,0.0000,-0.0118,-0.0275
3079,0.0604,-0.0747,1.4682,0.0039,0.0039,-0.0098,0.0000,0.0000,-2.9703,-0.1281,0.0101,-1.4949,0.0000,-0.0118,-0.0275
3080,0.0604,-0.0747,1.4682,0.0039,0.0039,-0.0098,0.0000,0.0000,-2.9703,-0.1281,0.0101,-1.4949,0.0000,-0.0118,-0.0275
3083,0.0604,-0.0747,1.4682,0.0039,0.0039,-0.0098,-0.0000,0.0000,-2.9733,-0.1282,0.0101,-1.4964,0.0000,-0.0118,-0.0275
3086,0.0604,-0.0747,1.4682,0.0039,0.0039,-0.0098,0.0000,0.0000,-2.9733,-0.1282,0.0101,-1.4964,0.0000,-0.0118,-0.0275
3087,0.0604,-0.0747,1.4682,0.0039,0.0039,-0.0098,0.0000,0.0000,-2.9733,-0.1282,0.0101,-1.4964,0.0000,-0.0118,-0.0275
3165,0.0606,-0.0745,1.4689,0.0078,0.0020,-0.0039,-0.0000,0.0000,-3.0249,-0.1298,0.0101,-1.5163,0.0000,-0.0039,-0.0275
3179,0.0606,-0.0745,1.4691,-0.0020,0.0020,0.0059,-0.0000,0.0000,-3.0505,-0.1300,0.0102,-1.5194,0.0000,-0.0039,-0.0275
3194,0.0606,-0.0745,1.4691,0.0078,-0.0020,0.0039,-0.0000,0.0000,-3.0557,-0.1304,0.0102,-1.5240,0.0000,-0.0039,-0.0275
3212,0.0606,-0.0745,1.4693,-0.0059,0.0000,-0.0020,0.0000,0.0000,-3.0535,-0.1311,0.0099,-1.5287,0.0000,-0.0118,-0.0275
3243,0.0608,-0.0745,1.4693,0.0020,0.0000,0.0059,-0.0000,0.0000,-3.0841,-0.1319,0.0098,-1.5362,0.0000,-0.0118,-0.0275
3278,0.0608,-0.0747,1.4694,-0.0020,0.0078,0.0020,-0.0000,0.0000,-3.0945,-0.1329,0.0100,-1.5453,0.0000,-0.0118,-0.0275
3296,0.0608,-0.0747,1.4694,-0.0059,0.0098,-0.0098,0.0000,0.0000,-3.0800,-0.1333,0.0100,-1.5498,0.0000,-0.0118,-0.0275
3317,0.0608,-0.0746,1.4693,-0.0020,-0.0059,-0.0039,0.0000,0.0000,-3.1003,-0.1336,0.0100,-1.5541,0.0000,-0.0118,-0.0275
3350,0.0609,-0.0747,1.4693,0.0039,0.0000,-0.0020,-0.0000,0.0000,-3.1221,-0.1345,0.0099,-1.5630,0.0000,-0.0118,-0.0275
3385,0.0608,-0.0747,1.4691,-0.0098,0.0098,-0.0137,0.0000,0.0000,-3.1162,-0.1352,0.0101,-1.5718,0.0000,-0.0118,-0.0275
3391,0.0608,-0.0747,1.4691,-0.0059,-0.0059,-0.0020,-0.0000,0.0000,-3.1426,-0.1353,0.0101,-1.5733,0.0000,-0.0118,-0.0275
3411,0.0608,-0.0747,1.4689,0.0117,-0.0020,0.0020,-0.0000,0.0000,-3.1590,-0.1357,0.0101,-1.5776,0.0000,-0.0118,-0.0275
3426,0.0609,-0.0747,1.4688,-0.0039,-0.0059,-0.0020,0.0000,0.0000,-3.1600,-0.1362,0.0100,-1.5819,0.0000,-0.0118,-0.0275
3443,0.0610,-0.0747,1.4686,-0.0020,0.0020,0.0000,-0.0000,0.0000,-3.1723,-0.1367,0.0098,-1.5861,0.0000,-0.0118,-0.0275
3452,0.0610,-0.0747,1.4686,-0.0039,-0.0020,0.0078,0.0000,0.0000,-3.1909,-0.1368,0.0098,-1.5876,0.0000,-0.0118,-0.0275
3476,0.0610,-0.0747,1.4685,0.0059,0.0020,0.0059,0.0000,0.0000,-3.1987,-0.1374,0.0099,-1.5935,0.0000,-0.0118,-0.0275
3487,0.0612,-0.0747,1.4683,0.0059,-0.0078,-0.0059,0.0000,0.0000,-3.1813,-0.1376,0.0099,-1.5965,0.0000,-0.0118,-0.0275
3532,0.0609,-0.0747,1.4680,-0.0117,0.0059,0.0020,0.0000,0.0000,-3.2197,-0.1385,0.0100,-1.6079,0.0000,-0.0118,-0.0275
3553,0.0610,-0.0747,1.4676,0.0078,0.0059,0.0000,0.0000,0.0000,-3.2240,-0.1390,0.0099,-1.6120,0.0000,-0.0118,-0.0275
3580,0.0609,-0.0748,1.4674,-0.0039,0.0039,0.0020,-0.0000,0.0000,-3.2425,-0.1397,0.0102,-1.6193,0.0000,-0.0118,-0.0275
3595,0.0607,-0.0747,1.4674,-0.0020,0.0059,0.0098,0.0000,0.0000,-3.2641,-0.1396,0.0102,-1.6223,0.0000,-0.0118,-0.0275
3613,0.0607,-0.0747,1.4673,-0.0039,-0.0020,0.0039,0.0000,0.0000,-3.2612,-0.1400,0.0102,-1.6267,0.0000,-0.0039,-0.0275
3631,0.0607,-0.0747,1.4672,0.0000,-0.0098,-0.0059,0.0000,0.0000,-3.2500,-0.1401,0.0105,-1.6308,0.0000,-0.0039,-0.0275
3645,0.0607,-0.0747,1.4671,-0.0117,0.0020,-0.0039,0.0000,0.0000,-3.2597,-0.1404,0.0106,-1.6337,0.0000,-0.0118,-0.0275
3662,0.0607,-0.0747,1.4668,0.0020,-0.0020,0.0039,-0.0000,0.0000,-3.2840,-0.1410,0.0102,-1.6381,0.0000,-0.0118,-0.0275
3679,0.0607,-0.0747,1.4667,-0.0039,0.0039,0.0078,0.0000,0.0000,-3.2974,-0.1413,0.0102,-1.6409,0.0000,-0.0118,-0.0275
3692,0.0607,-0.0747,1.4665,0.0039,0.0000,0.0039,-0.0000,0.0000,-3.2954,-0.1415,0.0102,-1.6438,0.0000,-0.0118,-0.0275
3722,0.0607,-0.0747,1.4663,0.0117,0.0000,-0.0020,-0.0000,0.0000,-3.2980,-0.1422,0.0103,-1.6510,0.0000,-0.0118,-0.0275
3751,0.0607,-0.0745,1.4660,0.0059,0.0020,-0.0039,-0.0000,0.0000,-3.3083,-0.1427,0.0101,-1.6581,0.0000,-0.0118,-0.0275
3763,0.0607,-0.0745,1.4660,0.0078,0.0078,0.0078,-0.0000,0.0000,-3.3377,-0.1429,0.0101,-1.6610,0.0000,-0.0118,-0.0275
3810,0.0607,-0.0745,1.4655,-0.0098,0.0020,-0.0059,0.0000,0.0000,-3.3143,-0.1431,0.0101,-1.6630,0.0000,-0.0118,-0.0196
3822,0.0607,-0.0745,1.4655,-0.0039,0.0059,-0.0020,-0.0000,0.0000,-3.3282,-0.1434,0.0101,-1.6661,0.0000,-0.0118,-0.0196
3843,0.0607,-0.0745,1.4653,0.0000,0.0039,0.0020,0.0000,0.0000,-3.3631,-0.1446,0.0102,-1.6796,0.0000,-0.0118,-0.0275
3852,0.0607,-0.0745,1.4652,0.0117,-0.0098,-0.0020,-0.0000,0.0000,-3.3579,-0.1447,0.0102,-1.6809,0.0000,-0.0118,-0.0275
3873,0.0607,-0.0745,1.4650,0.0020,-0.0078,0.0020,0.0000,0.0000,-3.3745,-0.1451,0.0102,-1.6853,0.0000,-0.0039,-0.0275
3906,0.0607,-0.0745,1.4648,0.0059,0.0039,-0.0020,-0.0000,0.0000,-3.3839,-0.1455,0.0105,-1.6939,0.0000,-0.0039,-0.0275
3948,0.0607,-0.0745,1.4645,-0.0078,0.0020,-0.0039,-0.0000,0.0000,-3.4004,-0.1467,0.0102,-1.7041,0.0000,-0.0118,-0.0275
3971,0.0607,-0.0746,1.4641,0.0059,0.0000,0.0059,0.0000,0.0000,-3.4279,-0.1472,0.0103,-1.7081,0.0000,-0.0039,-0.0196
3986,0.0607,-0.0745,1.4638,-0.0020,-0.0020,-0.0039,0.0000,0.0000,-3.4008,-0.1465,0.0105,-1.7043,0.0000,-0.0039,-0.0196
4006,0.0606,-0.0745,1.4632,0.0059,0.0059,-0.0059,0.0000,0.0000,-3.4206,-0.1476,0.0103,-1.7162,0.0000,-0.0118,-0.0275
4018,0.0606,-0.0745,1.4632,-0.0059,-0.0059,0.0078,0.0000,0.0000,-3.4539,-0.1479,0.0103,-1.7191,0.0000,-0.0118,-0.0275
4029,0.0606,-0.0746,1.4627,-0.0020,-0.0117,-0.0059,0.0000,0.0000,-3.4314,-0.1481,0.0103,-1.7216,0.0000,-0.0118,-0.0275
4047,0.0606,-0.0746,1.4621,0.0098,0.0000,0.0059,-0.0000,0.0000,-3.4625,-0.1486,0.0104,-1.7254,0.0000,-0.0118,-0.0353
4062,0.0606,-0.0746,1.4616,0.0020,-0.0098,0.0020,-0.0000,0.0000,-3.4782,-0.1496,0.0104,-1.7371,0.0000,-0.0118,-0.0353
4074,0.0606,-0.0746,1.4609,0.0000,-0.0039,-0.0020,-0.0000,0.0000,-3.4751,-0.1498,0.0104,-1.7395,0.0000,-0.0118,-0.0353
4092,0.0606,-0.0746,1.4604,-0.0020,0.0039,-0.0039,-0.0000,0.0000,-3.4791,-0.1502,0.0104,-1.7435,0.0000,-0.0118,-0.0353
4119,0.0606,-0.0746,1.4600,0.0000,-0.0078,-0.0020,-0.0000,0.0000,-3.4941,-0.1507,0.0104,-1.7490,0.0000,-0.0118,-0.0275
4154,0.0605,-0.0747,1.4589,0.0039,0.0000,0.0059,0.0000,0.0000,-3.5097,-0.1509,0.0104,-1.7490,0.0000,-0.0118,-0.0275
4184,0.0605,-0.0747,1.4579,0.0059,-0.0020,0.0039,0.0000,0.0000,-3.5187,-0.1514,0.0104,-1.7554,0.0000,-0.0118,-0.0275
4198,0.0605,-0.0747,1.4579,0.0000,0.0117,0.0078,0.0000,0.0000,-3.5354,-0.1518,0.0104,-1.7599,0.0000,-0.0118,-0.0275
4210,0.0605,-0.0747,1.4570,-0.0020,0.0059,0.0098,0.0000,0.0000,-3.5433,-0.1520,0.0103,-1.7619,0.0000,-0.0118,-0.0275
4233,0.0605,-0.0747,1.4565,0.0059,-0.0117,-0.0078,-0.0000,0.0000,-3.5190,-0.1525,0.0103,-1.7673,0.0000,-0.0118,-0.0275
4247,0.0605,-0.0747,1.4565,-0.0020,0.0078,0.0020,0.0000,0.0000,-3.5444,-0.1527,0.0103,-1.7703,0.0000,-0.0118,-0.0275
4270,0.0605,-0.0747,1.4561,0.0059,0.0020,0.0039,-0.0000,0.0000,-3.5595,-0.1532,0.0103,-1.7758,0.0000,-0.0118,-0.0275
4287,0.0605,-0.0746,1.4558,0.0039,0.0059,-0.0020,-0.0000,0.0000,-3.5559,-0.1534,0.0102,-1.7799,0.0000,-0.0118,-0.0275
4354,0.0604,-0.0748,1.4540,0.0098,-0.0059,-0.0078,-0.0000,0.0000,-3.5741,-0.1549,0.0106,-1.7949,0.0000,-0.0118,-0.0275
4381,0.0604,-0.0748,1.4537,0.0059,-0.0059,0.0020,-0.0000,0.0000,-3.6068,-0.1555,0.0106,-1.8015,0.0000,-0.0118,-0.0275
4390,0.0604,-0.0748,1.4533,0.0059,-0.0059,0.0000,0.0000,0.0000,-3.6059,-0.1557,0.0106,-1.8029,0.0000,-0.0118,-0.0275
4415,0.0605,-0.0748,1.4530,0.0098,0.0078,0.0078,-0.0000,0.0000,-3.6319,-0.1563,0.0104,-1.8081,0.0000,-0.0118,-0.0275
4436,0.0605,-0.0748,1.4526,0.0000,-0.0059,-0.0020,0.0000,0.0000,-3.6233,-0.1568,0.0104,-1.8136,0.0000,-0.0118,-0.0275
4450,0.0605,-0.0748,1.4520,-0.0059,-0.0020,-0.0098,0.0000,0.0000,-3.6125,-0.1570,0.0103,-1.8160,0.0000,-0.0118,-0.0275
4473,0.0604,-0.0749,1.4512,0.0020,-0.0020,0.0078,-0.0000,0.0000,-3.6586,-0.1575,0.0106,-1.8215,0.0000,-0.0118,-0.0275
4479,0.0605,-0.0749,1.4512,-0.0020,0.0039,0.0039,0.0000,0.0000,-3.6529,-0.1576,0.0106,-1.8225,0.0000,-0.0118,-0.0275
4522,0.0605,-0.0749,1.4501,0.0059,0.0000,0.0000,-0.0000,0.0000,-3.6633,-0.1582,0.0107,-1.8317,0.0000,-0.0039,-0.0275
4567,0.0603,-0.0749,1.4494,0.0059,-0.0039,-0.0020,-0.0000,0.0000,-3.6819,-0.1594,0.0106,-1.8429,0.0000,-0.0118,-0.0275
4582,0.0605,-0.0749,1.4491,0.0078,-0.0039,0.0039,-0.0000,0.0000,-3.6988,-0.1597,0.0104,-1.8455,0.0000,-0.0118,-0.0275
4588,0.0605,-0.0749,1.4491,0.0020,-0.0020,0.0039,-0.0000,0.0000,-3.7017,-0.1599,0.0104,-1.8470,0.0000,-0.0118,-0.0275
4605,0.0605,-0.0749,1.4487,0.0020,0.0020,-0.0039,-0.0000,0.0000,-3.6938,-0.1599,0.0107,-1.8508,0.0000,-0.0039,-0.0275
4617,0.0605,-0.0749,1.4483,0.0117,0.0020,0.0059,-0.0000,0.0000,-3.7185,-0.1602,0.0107,-1.8534,0.0000,-0.0039,-0.0275
4643,0.0603,-0.0749,1.4480,0.0020,-0.0059,-0.0020,-0.0000,0.0000,-3.7143,-0.1608,0.0105,-1.8591,0.0000,-0.0118,-0.0275
4652,0.0603,-0.0749,1.4475,-0.0020,-0.0020,0.0039,-0.0000,0.0000,-3.7280,-0.1609,0.0105,-1.8601,0.0000,-0.0118,-0.0275
4673,0.0603,-0.0749,1.4473,-0.0078,0.0078,-0.0059,-0.0000,0.0000,-3.7198,-0.1614,0.0105,-1.8657,0.0000,-0.0118,-0.0275
4685,0.0603,-0.0749,1.4469,-0.0059,0.0117,0.0059,-0.0000,0.0000,-3.7468,-0.1616,0.0105,-1.8676,0.0000,-0.0118,-0.0275
4712,0.0603,-0.0749,1.4463,0.0000,-0.0039,-0.0059,0.0000,0.0000,-3.7224,-0.1615,0.0104,-1.8670,0.0000,-0.0118,-0.0275
4744,0.0603,-0.0749,1.4457,-0.0117,-0.0098,-0.0039,0.0000,0.0000,-3.7251,-0.1615,0.0104,-1.8664,0.0000,-0.0118,-0.0275
4765,0.0602,-0.0750,1.4454,-0.0039,-0.0020,0.0078,0.0000,0.0000,-3.7478,-0.1615,0.0107,-1.8661,0.0000,-0.0118,-0.0275
4785,0.0602,-0.0750,1.4450,0.0000,-0.0078,0.0156,-0.0000,0.0000,-3.7627,-0.1614,0.0106,-1.8657,0.0000,-0.0118,-0.0275
4805,0.0603,-0.0751,1.4449,-0.0078,-0.0078,0.0098,-0.0000,0.0000,-3.7506,-0.1617,0.0106,-1.8655,0.0000,-0.0118,-0.0275
4825,0.0602,-0.0751,1.4443,0.0000,-0.0020,0.0020,-0.0000,0.0000,-3.7343,-0.1615,0.0107,-1.8652,0.0000,-0.0118,-0.0275
4834,0.0603,-0.0751,1.4443,0.0059,-0.0039,0.0059,-0.0000,0.0000,-3.7416,-0.1617,0.0105,-1.8649,0.0000,-0.0118,-0.0275
4851,0.0602,-0.0751,1.4439,0.0039,-0.0078,-0.0078,0.0000,0.0000,-3.7136,-0.1615,0.0107,-1.8646,0.0000,-0.0118,-0.0275
4874,0.0602,-0.0752,1.4434,0.0000,0.0000,0.0000,0.0000,0.0000,-3.7281,-0.1616,0.0108,-1.8641,0.0000,-0.0118,-0.0667
4883,0.0602,-0.0752,1.4432,0.0000,0.0000,0.0000,0.0000,0.0000,-3.8058,-0.1650,0.0109,-1.9029,0.0000,-0.0118,-0.0667
4940,0.0602,-0.0752,1.4423,0.0000,0.0000,0.0000,0.0000,0.0000,-3.7882,-0.1642,0.0108,-1.8941,0.0000,-0.0118,-0.0588
4964,0.0602,-0.0752,1.4420,0.0000,0.0000,0.0000,0.0000,0.0000,-3.7877,-0.1642,0.0108,-1.8938,0.0000,-0.0118,-0.0588
4976,0.0602,-0.0752,1.4417,0.0000,0.0000,0.0000,0.0000,0.0000,-3.7872,-0.1642,0.0107,-1.8936,0.0000,-0.0118,-0.0588
5001,0.0601,-0.0752,1.4413,0.0000,0.0000,0.0000,0.0000,0.0000,-3.7708,-0.1635,0.0107,-1.8854,0.0000,-0.0118,-0.0510
5017,0.0601,-0.0752,1.4411,0.0000,0.0000,0.0000,0.0000,0.0000,-3.7704,-0.1635,0.0107,-1.8852,0.0000,-0.0118,-0.0510
5034,0.0601,-0.0754,1.4409,0.0000,0.0000,0.0000,-0.0000,0.0000,-3.7699,-0.1636,0.0108,-1.8849,0.0000,-0.0118,-0.0510
5045,0.0601,-0.0754,1.4409,0.0000,0.0000,0.0000,0.0000,0.0000,-3.7699,-0.1636,0.0108,-1.8849,0.0000,-0.0118,-0.0510
5074,0.0601,-0.0753,1.4406,0.0000,0.0000,0.0000,0.0000,0.0000,-3.7694,-0.1636,0.0108,-1.8847,0.0000,-0.0118,-0.0510
5080,0.0600,-0.0753,1.4404,0.0000,0.0000,0.0000,0.0000,0.0000,-3.7694,-0.1636,0.0108,-1.8847,0.0000,-0.0118,-0.0510
5107,0.0600,-0.0753,1.4395,0.0000,0.0000,0.0000,0.0000,0.0000,-3.7678,-0.1634,0.0109,-1.8839,0.0000,-0.0039,-0.0588
5122,0.0600,-0.0753,1.4392,0.0000,0.0000,0.0000,0.0000,0.0000,-3.7819,-0.1637,0.0112,-1.8910,0.0000,-0.0039,-0.0588
5134,0.0600,-0.0753,1.4392,0.0000,0.0000,0.0000,0.0000,0.0000,-3.7819,-0.1637,0.0112,-1.8910,0.0000,-0.0039,-0.0588
5170,0.0600,-0.0753,1.4387,0.0000,0.0000,0.0000,0.0000,0.0000,-3.7654,-0.1630,0.0111,-1.8827,0.0000,-0.0039,-0.0510
5184,0.0600,-0.0753,1.4385,0.0000,0.0000,0.0000,0.0000,0.0000,-3.7650,-0.1630,0.0111,-1.8825,0.0000,-0.0039,-0.0510
5199,0.0600,-0.0753,1.4382,0.0000,0.0000,0.0000,0.0000,0.0000,-3.7801,-0.1639,0.0108,-1.8901,0.0000,-0.0118,-0.0588
5211,0.0600,-0.0753,1.4380,0.0000,0.0000,0.0000,0.0000,0.0000,-3.7798,-0.1639,0.0107,-1.8899,0.0000,-0.0118,-0.0588
5248,0.0600,-0.0753,1.4371,0.0000,0.0000,0.0000,0.0000,0.0000,-3.7623,-0.1631,0.0106,-1.8812,0.0000,-0.0118,-0.0510
5272,0.0600,-0.0753,1.4366,0.0000,0.0000,0.0000,0.0000,0.0000,-3.7618,-0.1631,0.0106,-1.8809,0.0000,-0.0118,-0.0588
5293,0.0600,-0.0753,1.4364,0.0000,0.0000,0.0000,0.0000,0.0000,-3.7765,-0.1638,0.0106,-1.8882,0.0000,-0.0118,-0.0588
5302,0.0600,-0.0753,1.4364,0.0000,0.0000,0.0000,0.0000,0.0000,-3.7765,-0.1638,0.0106,-1.8882,0.0000,-0.0118,-0.0588
5332,0.0600,-0.0753,1.4360,0.0000,0.0000,0.0000,0.0000,0.0000,-3.7758,-0.1637,0.0106,-1.8879,0.0000,-0.0118,-0.0588
5344,0.0600,-0.0753,1.4358,0.0000,0.0000,0.0000,0.0000,0.0000,-3.7758,-0.1637,0.0106,-1.8879,0.0000,-0.0118,-0.0588
5393,0.0600,-0.0753,1.4353,0.0000,0.0000,0.0000,0.0000,0.0000,-3.7740,-0.1634,0.0108,-1.8870,0.0000,-0.0039,-0.0588
5401,0.0600,-0.0753,1.4351,0.0000,0.0000,0.0000,0.0000,0.0000,-3.7737,-0.1634,0.0108,-1.8868,0.0000,-0.0039,-0.0588
5425,0.0600,-0.0753,1.4346,0.0000,0.0000,0.0000,-0.0000,0.0000,-3.7730,-0.1636,0.0105,-1.8865,0.0000,-0.0118,-0.0588
5443,0.0600,-0.0753,1.4346,0.0000,0.0000,0.0000,0.0000,0.0000,-3.7730,-0.1636,0.0105,-1.8865,0.0000,-0.0118,-0.0588
5470,0.0598,-0.0753,1.4340,0.0000,0.0000,0.0000,0.0000,0.0000,-3.7724,-0.1634,0.0106,-1.8862,0.0000,-0.0118,-0.0588
5483,0.0598,-0.0753,1.4339,0.0000,0.0000,0.0000,0.0000,0.0000,-3.7715,-0.1634,0.0106,-1.8858,0.0000,-0.0118,-0.0588
5508,0.0598,-0.0753,1.4337,0.0000,0.0000,0.0000,0.0000,0.0000,-3.7712,-0.1634,0.0105,-1.8856,0.0000,-0.0118,-0.0588
5542,0.0598,-0.0754,1.4334,0.0000,0.0000,0.0000,0.0000,0.0000,-3.7702,-0.1632,0.0110,-1.8851,0.0000,-0.0039,-0.0588
5555,0.0598,-0.0754,1.4332,0.0000,0.0000,0.0000,0.0000,0.0000,-3.7699,-0.1632,0.0110,-1.8849,0.0000,-0.0039,-0.0588
5570,0.0598,-0.0754,1.4328,0.0000,0.0000,0.0000,0.0000,0.0000,-3.7692,-0.1632,0.0110,-1.8846,0.0000,-0.0039,-0.0588
5585,0.0598,-0.0754,1.4328,0.0000,0.0000,0.0000,0.0000,0.0000,-3.7692,-0.1632,0.0110,-1.8846,0.0000,-0.0039,-0.0510
5594,0.0598,-0.0754,1.4327,0.0000,0.0000,0.0000,0.0000,0.0000,-3.7533,-0.1625,0.0109,-1.8766,0.0000,-0.0039,-0.0510
5605,0.0598,-0.0754,1.4324,0.0000,0.0000,0.0000,0.0000,0.0000,-3.7528,-0.1625,0.0109,-1.8764,0.0000,-0.0039,-0.0510
5627,0.0598,-0.0754,1.4322,0.0000,0.0000,0.0000,0.0000,0.0000,-3.7524,-0.1625,0.0109,-1.8762,0.0000,-0.0039,-0.0510
5638,0.0598,-0.0754,1.4322,0.0000,0.0000,0.0000,0.0000,0.0000,-3.7524,-0.1625,0.0109,-1.8762,0.0000,-0.0039,-0.0510
5657,0.0598,-0.0754,1.4321,0.0000,0.0000,0.0000,-0.0000,0.0000,-3.7679,-0.1634,0.0106,-1.8839,0.0000,-0.0118,-0.0588
5667,0.0598,-0.0754,1.4319,0.0000,0.0000,0.0000,0.0000,0.0000,-3.7679,-0.1634,0.0106,-1.8839,0.0000,-0.0118,-0.0588
5694,0.0598,-0.0754,1.4316,0.0000,0.0000,0.0000,0.0000,0.0000,-3.7667,-0.1631,0.0109,-1.8834,0.0000,-0.0039,-0.0588
5731,0.0598,-0.0754,1.4313,0.0000,0.0000,0.0000,0.0000,0.0000,-3.7508,-0.1627,0.0105,-1.8754,0.0000,-0.0118,-0.0510
5743,0.0598,-0.0754,1.4311,0.0000,0.0000,0.0000,0.0000,0.0000,-3.7508,-0.1627,0.0105,-1.8754,0.0000,-0.0118,-0.0510
5772,0.0598,-0.0754,1.4308,0.0000,0.0000,0.0000,0.0000,0.0000,-3.7497,-0.1626,0.0104,-1.8749,0.0000,-0.0118,-0.0510
5790,0.0598,-0.0754,1.4305,0.0000,0.0000,0.0000,0.0000,0.0000,-3.7492,-0.1626,0.0104,-1.8746,0.0000,-0.0118,-0.0510
5799,0.0598,-0.0754,1.4303,0.0000,0.0000,0.0000,0.0000,0.0000,-3.7489,-0.1626,0.0104,-1.8744,0.0000,-0.0118,-0.0510
5812,0.0598,-0.0754,1.4303,0.0000,0.0000,0.0000,0.0000,0.0000,-3.7489,-0.1626,0.0104,-1.8744,0.0000,-0.0118,-0.0510
5835,0.0598,-0.0754,1.4301,0.0000,0.0000,0.0000,0.0000,0.0000,-3.7596,-0.1610,0.0092,-1.8798,0.0431,-0.0039,-0.0588
5855,0.0598,-0.0754,1.4298,0.0000,0.0000,0.0000,0.0000,0.0000,-3.7591,-0.1610,0.0091,-1.8795,0.0431,-0.0039,-0.0588
5861,0.0598,-0.0754,1.4298,0.0000,0.0000,0.0000,0.0000,0.0000,-3.7591,-0.1610,0.0091,-1.8795,0.0431,-0.0039,-0.0588
5903,0.0598,-0.0754,1.4293,0.0000,0.0000,0.0000,0.0000,0.0000,-3.7580,-0.1609,0.0091,-1.8790,0.0980,-0.0118,-0.0510
5932,0.0598,-0.0754,1.4290,0.0000,0.0000,0.0000,0.0000,0.0000,-3.7357,-0.1580,0.0067,-1.8678,0.0980,-0.0118,-0.0510
5973,0.0598,-0.0754,1.4288,0.0000,0.0000,0.0000,0.0000,0.0000,-3.7352,-0.1579,0.0067,-1.8676,0.0980,-0.0118,-0.0510
5999,0.0598,-0.0754,1.4285,0.0000,0.0000,0.0000,0.0000,0.0000,-3.7346,-0.1579,0.0067,-1.8673,0.0980,-0.0118,-0.0510
6024,0.0598,-0.0754,1.4283,0.0000,0.0000,0.0000,0.0000,0.0000,-3.6251,-0.1532,0.0066,-1.8126,0.0980,-0.0118,0.0039
6035,0.0598,-0.0754,1.4283,0.0000,0.0000,0.0000,0.0000,0.0000,-3.6251,-0.1532,0.0066,-1.8126,0.0980,-0.0118,0.0039
6038,0.0598,-0.0754,1.4283,0.0000,0.0000,0.0000,0.0000,0.0000,-3.6251,-0.1532,0.0066,-1.8126,0.0980,-0.0118,0.0039
6074,0.0597,-0.0754,1.4279,0.0000,0.0000,0.0000,0.0000,0.0000,-3.6243,-0.1531,0.0067,-1.8121,0.0980,-0.0118,0.0039
6088,0.0596,-0.0754,1.4278,0.0000,0.0000,0.0000,0.0000,0.0000,-3.6243,-0.1531,0.0067,-1.8121,0.0980,-0.0118,0.0039
6106,0.0596,-0.0754,1.4276,0.0000,0.0000,0.0000,0.0000,0.0000,-3.6238,-0.1530,0.0067,-1.8119,0.0980,-0.0118,0.0039
6132,0.0596,-0.0754,1.4275,0.0000,0.0000,0.0000,0.0000,0.0000,-3.6079,-0.1523,0.0066,-1.8040,0.0980,-0.0118,0.0117
6158,0.0596,-0.0754,1.4274,0.0000,0.0000,0.0000,0.0000,0.0000,-3.6233,-0.1530,0.0067,-1.8116,0.0980,-0.0118,0.0039
6173,0.0596,-0.0754,1.4272,0.0000,0.0000,0.0000,0.0000,0.0000,-3.6229,-0.1530,0.0066,-1.8115,0.0980,-0.0118,0.0039
6193,0.0596,-0.0754,1.4269,0.0000,0.0000,0.0000,0.0000,0.0000,-3.6222,-0.1530,0.0066,-1.8111,0.0980,-0.0118,0.0117
6202,0.0596,-0.0754,1.4269,0.0000,0.0000,0.0000,0.0000,0.0000,-3.6067,-0.1523,0.0066,-1.8034,0.0980,-0.0118,0.0117
6213,0.0596,-0.0753,1.4267,0.0000,0.0000,0.0000,0.0000,0.0000,-3.6064,-0.1523,0.0066,-1.8032,0.0980,-0.0118,0.0117
6225,0.0596,-0.0753,1.4265,0.0000,0.0000,0.0000,0.0000,0.0000,-3.6064,-0.1523,0.0066,-1.8032,0.0980,-0.0118,0.0117
6241,0.0596,-0.0753,1.4264,0.0000,0.0000,0.0000,0.0000,0.0000,-3.6058,-0.1523,0.0066,-1.8029,0.0980,-0.0118,0.0117
6269,0.0596,-0.0753,1.4261,0.0000,0.0000,0.0000,0.0000,0.0000,-3.5902,-0.1516,0.0071,-1.7951,0.0902,-0.0039,0.0196
6282,0.0596,-0.0753,1.4260,0.0000,0.0000,0.0000,0.0000,0.0000,-3.5901,-0.1516,0.0071,-1.7950,0.0902,-0.0039,0.0196
6315,0.0596,-0.0753,1.4257,0.0000,0.0000,0.0000,0.0000,0.0000,-3.6045,-0.1522,0.0065,-1.8022,0.0980,-0.0118,0.0117
6330,0.0596,-0.0753,1.4256,0.0000,0.0000,0.0000,0.0000,0.0000,-3.6041,-0.1522,0.0065,-1.8021,0.0980,-0.0118,0.0117
6365,0.0596,-0.0753,1.4252,0.0000,0.0000,0.0000,0.0000,0.0000,-3.6038,-0.1522,0.0065,-1.8019,0.0902,-0.0039,0.0117
6380,0.0596,-0.0753,1.4252,0.0000,0.0000,0.0000,0.0000,0.0000,-3.6042,-0.1522,0.0071,-1.8021,0.0902,-0.0039,0.0117
6386,0.0596,-0.0753,1.4251,0.0000,0.0000,0.0000,0.0000,0.0000,-3.6040,-0.1522,0.0071,-1.8020,0.0902,-0.0039,0.0117
6398,0.0596,-0.0753,1.4251,0.0000,0.0000,0.0000,0.0000,0.0000,-3.6040,-0.1522,0.0071,-1.8020,0.0902,-0.0039,0.0117
6439,0.0596,-0.0755,1.4246,0.0000,0.0000,0.0000,0.0000,0.0000,-3.6032,-0.1526,0.0068,-1.8016,0.0902,-0.0118,0.0117
6459,0.0596,-0.0755,1.4246,0.0000,0.0000,0.0000,0.0000,0.0000,-3.6032,-0.1526,0.0068,-1.8016,0.0902,-0.0118,0.0117
6472,0.0596,-0.0755,1.4244,0.0000,0.0000,0.0000,0.0000,0.0000,-3.6029,-0.1526,0.0068,-1.8014,0.0902,-0.0118,0.0117
6484,0.0596,-0.0755,1.4243,0.0000,0.0000,0.0000,0.0000,0.0000,-3.6027,-0.1526,0.0068,-1.8013,0.0902,-0.0118,0.0117
6513,0.0596,-0.0755,1.4243,0.0000,0.0000,0.0000,0.0000,0.0000,-3.6025,-0.1526,0.0068,-1.8013,0.0902,-0.0118,0.0117
6534,0.0596,-0.0755,1.4240,0.0000,0.0000,0.0000,0.0000,0.0000,-3.6020,-0.1526,0.0068,-1.8010,0.0902,-0.0118,0.0117
6571,0.0596,-0.0755,1.4238,0.0000,0.0000,0.0000,0.0000,0.0000,-3.6024,-0.1527,0.0074,-1.8012,0.0823,-0.0039,0.0117
6596,0.0596,-0.0755,1.4235,0.0000,0.0000,0.0000,0.0000,0.0000,-3.5860,-0.1520,0.0073,-1.7930,0.0823,-0.0039,0.0196
6610,0.0596,-0.0755,1.4233,0.0000,0.0000,0.0000,0.0000,0.0000,-3.5860,-0.1520,0.0073,-1.7930,0.0823,-0.0039,0.0196
6618,0.0596,-0.0755,1.4233,0.0000,0.0000,0.0000,0.0000,0.0000,-3.5857,-0.1519,0.0073,-1.7928,0.0823,-0.0039,0.0196
6627,0.0596,-0.0755,1.4233,0.0000,0.0000,0.0000,0.0000,0.0000,-3.5857,-0.1519,0.0073,-1.7928,0.0823,-0.0039,0.0196
6657,0.0596,-0.0754,1.4229,0.0000,0.0000,0.0000,-0.0000,0.0000,-3.5667,-0.1797,0.0311,-1.7833,-0.6000,-0.0118,0.0117
6666,0.0596,-0.0754,1.4229,0.0000,0.0000,0.0000,0.0000,0.0000,-3.5667,-0.1797,0.0311,-1.7833,-0.6000,-0.0118,0.0117
6683,0.0596,-0.0754,1.4228,0.0000,0.0000,0.0000,0.0000,0.0000,-3.5181,-0.1825,0.0357,-1.7591,-0.7255,-0.0039,0.0196
6701,0.0596,-0.0754,1.4225,0.0000,0.0000,0.0000,0.0000,0.0000,-3.5176,-0.1825,0.0357,-1.7588,-0.7255,-0.0039,0.0196
6731,0.0596,-0.0754,1.4224,0.0000,0.0000,0.0000,-0.0000,0.0000,-3.4363,-0.1903,0.0445,-1.7182,-0.9922,-0.0118,0.0117
6743,0.0596,-0.0754,1.4224,0.0000,0.0000,0.0000,0.0000,0.0000,-3.4363,-0.1903,0.0445,-1.7182,-0.9922,-0.0118,0.0117
6764,0.0596,-0.0754,1.4220,0.0000,0.0000,0.0000,0.0000,0.0000,-3.4360,-0.1902,0.0444,-1.7180,-0.9922,-0.0118,0.0117
6781,0.0596,-0.0754,1.4219,0.0000,0.0000,0.0000,0.0000,0.0000,-3.4356,-0.1902,0.0444,-1.7178,-1.0000,-0.0039,0.0196
6790,0.0596,-0.0754,1.4218,0.0000,0.0000,0.0000,0.0000,0.0000,-3.4162,-0.1894,0.0449,-1.7081,-1.0000,-0.0039,0.0196
6799,0.0595,-0.0754,1.4218,0.0000,0.0000,0.0000,0.0000,0.0000,-3.4160,-0.1893,0.0451,-1.7080,-1.0000,-0.0039,0.0196
6814,0.0595,-0.0754,1.4216,0.0000,0.0000,0.0000,-0.0000,0.0000,-3.4349,-0.1901,0.0445,-1.7175,-0.9922,-0.0118,0.0117
6827,0.0595,-0.0754,1.4215,0.0000,0.0000,0.0000,0.0000,0.0000,-3.4348,-0.1901,0.0445,-1.7174,-0.9922,-0.0118,0.0117
6844,0.0595,-0.0754,1.4215,0.0000,0.0000,0.0000,0.0000,0.0000,-3.4348,-0.1901,0.0445,-1.7174,-1.0000,-0.0039,0.0196
6856,0.0595,-0.0754,1.4214,0.0000,0.0000,0.0000,0.0000,0.0000,-3.4154,-0.1892,0.0451,-1.7077,-1.0000,-0.0039,0.0196
6881,0.0595,-0.0754,1.4212,0.0000,0.0000,0.0000,-0.0000,0.0000,-3.4343,-0.1900,0.0445,-1.7172,-0.9922,-0.0118,0.0117
6896,0.0595,-0.0754,1.4212,0.0000,0.0000,0.0000,0.0000,0.0000,-3.4342,-0.1900,0.0445,-1.7171,-0.9922,-0.0118,0.0117
6917,0.0595,-0.0754,1.4211,0.0000,0.0000,0.0000,0.0000,0.0000,-3.4340,-0.1900,0.0445,-1.7170,-0.9922,-0.0118,0.0117
6938,0.0595,-0.0754,1.4209,0.0000,0.0000,0.0000,0.0000,0.0000,-3.4337,-0.1900,0.0445,-1.7168,-0.9922,-0.0118,0.0117
6966,0.0595,-0.0754,1.4207,0.0000,0.0000,0.0000,0.0000,0.0000,-3.4334,-0.1900,0.0445,-1.7167,-0.9922,-0.0118,0.0117
6993,0.0595,-0.0754,1.4205,0.0000,0.0000,0.0000,0.0000,0.0000,-3.4292,-0.1899,0.0450,-1.7146,-1.0000,-0.0039,0.0117
7005,0.0595,-0.0754,1.4204,0.0000,0.0000,0.0000,0.0000,0.0000,-3.4291,-0.1899,0.0450,-1.7145,-1.0000,-0.0039,0.0117
7019,0.0595,-0.0754,1.4202,0.0000,0.0000,0.0000,0.0000,0.0000,-3.4288,-0.1899,0.0450,-1.7144,-1.0000,-0.0039,0.0117
7027,0.0595,-0.0754,1.4202,0.0000,0.0000,0.0000,0.0000,0.0000,-3.4288,-0.1899,0.0450,-1.7144,-1.0000,-0.0039,0.0117
7044,0.0595,-0.0754,1.4199,0.0000,0.0000,0.0000,-0.0000,0.0000,-3.4320,-0.1900,0.0444,-1.7160,-0.9922,-0.0118,0.0117
7058,0.0595,-0.0754,1.4199,0.0000,0.0000,0.0000,0.0000,0.0000,-3.4320,-0.1900,0.0444,-1.7160,-0.9922,-0.0118,0.0117
7067,0.0595,-0.0754,1.4198,0.0000,0.0000,0.0000,0.0000,0.0000,-3.4316,-0.1900,0.0444,-1.7158,-0.9922,-0.0118,0.0117
7103,0.0595,-0.0754,1.4196,0.0000,0.0000,0.0000,0.0000,0.0000,-3.4277,-0.1898,0.0449,-1.7138,-1.0000,-0.0039,0.0117
7106,0.0595,-0.0754,1.4196,0.0000,0.0000,0.0000,0.0000,0.0000,-3.4277,-0.1898,0.0449,-1.7138,-1.0000,-0.0039,0.0117
7121,0.0595,-0.0754,1.4196,0.0000,0.0000,0.0000,0.0000,0.0000,-3.4277,-0.1898,0.0449,-1.7138,-1.0000,-0.0039,0.0117
7130,0.0595,-0.0754,1.4196,0.0000,0.0000,0.0000,0.0000,0.0000,-3.4277,-0.1898,0.0449,-1.7138,-1.0000,-0.0039,0.0117
7157,0.0595,-0.0754,1.4193,0.0000,0.0000,0.0000,0.0000,0.0000,-1.4749,-0.1064,0.0312,-0.7375,-0.9922,-0.1843,1.0000
7184,0.0595,-0.0754,1.4190,0.0000,0.0000,0.0000,0.0000,0.0000,-1.4745,-0.1064,0.0311,-0.7372,-0.9922,-0.1843,1.0000
7193,0.0594,-0.0754,1.4189,0.0000,0.0000,0.0000,0.0000,0.0000,-1.4741,-0.1063,0.0311,-0.7371,-0.9922,-0.1843,1.0000
7210,0.0594,-0.0754,1.4188,0.0000,0.0000,0.0000,0.0000,0.0000,-1.4743,-0.1061,0.0314,-0.7371,-0.9922,-0.1765,1.0000
7224,0.0594,-0.0754,1.4188,0.0000,0.0000,0.0000,0.0000,0.0000,-1.4743,-0.1061,0.0314,-0.7371,-0.9922,-0.1765,1.0000
7244,0.0594,-0.0754,1.4186,0.0000,0.0000,0.0000,0.0000,0.0000,-1.4714,-0.1058,0.0322,-0.7357,-1.0000,-0.1608,1.0000
7255,0.0594,-0.0754,1.4186,0.0000,0.0000,0.0000,0.0000,0.0000,-1.4714,-0.1058,0.0322,-0.7357,-1.0000,-0.1608,1.0000
7278,0.0594,-0.0754,1.4185,0.0000,0.0000,0.0000,0.0000,0.0000,-1.4713,-0.1058,0.0322,-0.7356,-0.9922,-0.1608,1.0000
7296,0.0594,-0.0754,1.4185,0.0000,0.0000,0.0000,0.0000,0.0000,-1.4742,-0.1056,0.0320,-0.7371,-0.9922,-0.1608,1.0000
7320,0.0594,-0.0754,1.4182,0.0000,0.0000,0.0000,0.0000,0.0000,-1.4737,-0.1056,0.0320,-0.7368,-0.9922,-0.1608,1.0000
7335,0.0594,-0.0754,1.4181,0.0000,0.0000,0.0000,0.0000,0.0000,-1.4735,-0.1056,0.0320,-0.7368,-0.9922,-0.1608,1.0000
7359,0.0594,-0.0755,1.4179,0.0000,0.0000,0.0000,0.0000,0.0000,-1.4733,-0.1057,0.0320,-0.7367,-0.9922,-0.1608,1.0000
7389,0.0594,-0.0755,1.4177,0.0000,0.0000,0.0000,0.0000,0.0000,-1.4731,-0.1057,0.0320,-0.7366,-0.9843,-0.1608,1.0000
7403,0.0594,-0.0755,1.4177,0.0000,0.0000,0.0000,0.0000,0.0000,-1.4759,-0.1055,0.0318,-0.7379,-0.9843,-0.1608,1.0000
7412,0.0594,-0.0755,1.4177,0.0000,0.0000,0.0000,0.0000,0.0000,-1.4759,-0.1055,0.0318,-0.7379,-0.9843,-0.1608,1.0000
7421,0.0594,-0.0755,1.4175,0.0000,0.0000,0.0000,0.0000,0.0000,-1.4756,-0.1055,0.0317,-0.7378,-0.9843,-0.1608,1.0000
7441,0.0594,-0.0755,1.4174,0.0000,0.0000,0.0000,0.0000,0.0000,-1.4756,-0.1052,0.0320,-0.7378,-0.9843,-0.1530,1.0000
7458,0.0594,-0.0755,1.4173,0.0000,0.0000,0.0000,0.0000,0.0000,-1.4755,-0.1052,0.0320,-0.7377,-0.9843,-0.1530,1.0000
7473,0.0594,-0.0755,1.4172,0.0000,0.0000,0.0000,0.0000,0.0000,-1.4753,-0.1055,0.0317,-0.7376,-0.9843,-0.1608,1.0000
7535,0.0594,-0.0755,1.4169,0.0000,0.0000,0.0000,0.0000,0.0000,-1.4901,-0.1062,0.0318,-0.7451,-0.9843,-0.1608,0.9921
7547,0.0594,-0.0755,1.4169,0.0000,0.0000,0.0000,0.0000,0.0000,-1.4901,-0.1062,0.0318,-0.7451,-0.9843,-0.1608,0.9921
7580,0.0594,-0.0755,1.4166,0.0000,0.0000,0.0000,0.0000,0.0000,-1.6340,-0.0810,0.0055,-0.8170,-0.1294,-0.1608,1.0000
7602,0.0594,-0.0755,1.4166,0.0000,0.0000,0.0000,0.0000,0.0000,-1.6340,-0.0810,0.0055,-0.8170,0.0902,-0.1608,1.0000
7614,0.0594,-0.0755,1.4166,0.0000,0.0000,0.0000,0.0000,0.0000,-1.6219,-0.0724,-0.0014,-0.8110,0.0902,-0.1608,1.0000
7622,0.0594,-0.0755,1.4164,0.0000,0.0000,0.0000,0.0000,0.0000,-1.6219,-0.0724,-0.0014,-0.8110,0.0902,-0.1608,1.0000
7645,0.0594,-0.0755,1.4164,0.0000,0.0000,0.0000,0.0000,0.0000,-1.4752,-0.0437,-0.0209,-0.7376,0.7019,-0.1608,1.0000
7654,0.0594,-0.0755,1.4162,0.0000,0.0000,0.0000,0.0000,0.0000,-1.4749,-0.0436,-0.0209,-0.7374,0.7019,-0.1608,1.0000
7674,0.0594,-0.0755,1.4162,0.0000,0.0000,0.0000,0.0000,0.0000,-1.4749,-0.0436,-0.0209,-0.7374,1.0000,-0.1294,0.3490
7706,0.0594,-0.0755,1.4160,0.0000,0.0000,0.0000,-0.0000,0.0000,-3.4269,-0.1068,-0.0258,-1.7135,1.0000,0.0039,-0.0745
7727,0.0594,-0.0755,1.4159,0.0000,0.0000,0.0000,0.0000,0.0000,-3.4268,-0.1068,-0.0258,-1.7134,1.0000,0.0039,-0.0745
7745,0.0594,-0.0755,1.4158,0.0000,0.0000,0.0000,0.0000,0.0000,-3.4264,-0.1068,-0.0258,-1.7132,1.0000,-0.0118,-0.0196
7778,0.0594,-0.0755,1.4156,0.0000,0.0000,0.0000,0.0000,0.0000,-3.3207,-0.1031,-0.0263,-1.6603,1.0000,-0.0118,-0.0196
7786,0.0594,-0.0755,1.4155,0.0000,0.0000,0.0000,0.0000,0.0000,-3.3207,-0.1031,-0.0263,-1.6603,1.0000,-0.0118,-0.0196
7806,0.0594,-0.0755,1.4154,0.0000,0.0000,0.0000,0.0000,0.0000,-3.3204,-0.1031,-0.0263,-1.6602,1.0000,-0.0118,-0.0196
7838,0.0594,-0.0755,1.4153,0.0000,0.0000,0.0000,0.0000,0.0000,-3.3201,-0.1031,-0.0263,-1.6600,1.0000,-0.0118,-0.0039
7844,0.0594,-0.0755,1.4153,0.0000,0.0000,0.0000,0.0000,0.0000,-3.2898,-0.1018,-0.0263,-1.6449,1.0000,-0.0118,-0.0039
7858,0.0594,-0.0755,1.4151,0.0000,0.0000,0.0000,0.0000,0.0000,-3.2898,-0.1018,-0.0263,-1.6449,1.0000,-0.0118,-0.0039
7882,0.0594,-0.0755,1.4151,0.0000,0.0000,0.0000,-0.0000,0.0000,-3.3198,-0.1030,-0.0263,-1.6599,1.0000,-0.0118,-0.0196
7919,0.0594,-0.0755,1.4147,0.0000,0.0000,0.0000,0.0000,0.0000,-3.3190,-0.1030,-0.0263,-1.6595,1.0000,-0.0118,-0.0196
7934,0.0594,-0.0755,1.4147,0.0000,0.0000,0.0000,0.0000,0.0000,-3.3190,-0.1030,-0.0263,-1.6595,1.0000,-0.0118,-0.0196
7958,0.0594,-0.0755,1.4145,0.0000,0.0000,0.0000,0.0000,0.0000,-3.3187,-0.1030,-0.0264,-1.6593,1.0000,-0.0118,-0.0196
7984,0.0594,-0.0755,1.4143,0.0000,0.0000,0.0000,0.0000,0.0000,-3.3184,-0.1030,-0.0264,-1.6592,1.0000,-0.0118,-0.0196
7993,0.0594,-0.0755,1.4143,0.0000,0.0000,0.0000,0.0000,0.0000,-3.3184,-0.1030,-0.0264,-1.6592,1.0000,-0.0118,-0.0196
8011,0.0594,-0.0755,1.4143,0.0000,0.0000,0.0000,0.0000,0.0000,-3.3184,-0.1030,-0.0264,-1.6592,1.0000,-0.0118,-0.0196
8038,0.0594,-0.0755,1.4140,0.0000,0.0000,0.0000,0.0000,0.0000,-3.2876,-0.1017,-0.0263,-1.6438,1.0000,-0.0118,-0.0039
8050,0.0594,-0.0755,1.4140,0.0000,0.0000,0.0000,0.0000,0.0000,-3.2875,-0.1017,-0.0264,-1.6437,1.0000,-0.0118,-0.0039
8080,0.0594,-0.0755,1.4138,0.0000,0.0000,0.0000,0.0000,0.0000,-3.3177,-0.1032,-0.0267,-1.6589,1.0000,-0.0196,-0.0196
8172,0.0594,-0.0755,1.4135,0.0000,0.0000,0.0000,-0.0000,0.0000,-2.5304,-0.0684,-0.0281,-1.2652,1.0000,-0.0196,-0.0196
8186,0.0594,-0.0755,1.4134,0.0000,0.0000,0.0000,-0.0000,0.0000,-2.5353,-0.0686,-0.0281,-1.2676,1.0000,-0.0196,-0.0196
8211,0.0594,-0.0755,1.4134,0.0000,0.0000,0.0000,0.0000,0.0000,-2.5475,-0.0689,-0.0278,-1.2737,1.0000,-0.0118,-0.0196
8228,0.0594,-0.0755,1.4132,0.0000,0.0000,0.0000,-0.0000,0.0000,-2.5547,-0.0692,-0.0278,-1.2773,1.0000,-0.0118,-0.0196
8236,0.0594,-0.0755,1.4132,0.0000,0.0000,0.0000,-0.0000,0.0000,-2.5572,-0.0693,-0.0278,-1.2786,1.0000,-0.0118,-0.0196
8249,0.0593,-0.0755,1.4130,0.0000,0.0000,0.0000,0.0000,0.0000,-2.5620,-0.0694,-0.0277,-1.2810,1.0000,-0.0118,-0.0196
8260,0.0593,-0.0755,1.4130,0.0000,0.0000,0.0000,0.0000,0.0000,-2.5670,-0.0696,-0.0277,-1.2835,1.0000,-0.0118,-0.0196
8280,0.0593,-0.0755,1.4130,0.0000,0.0000,0.0000,-0.0000,0.0000,-2.6474,-0.0782,-0.0231,-1.3237,0.8745,-0.0118,-0.0196
8289,0.0593,-0.0755,1.4128,0.0000,0.0000,0.0000,0.0000,0.0000,-2.6500,-0.0783,-0.0231,-1.3250,0.8745,-0.0118,-0.0196
8322,0.0593,-0.0755,1.4127,0.0000,0.0000,0.0000,-0.0000,0.0000,-2.6895,-0.0822,-0.0217,-1.3448,0.8274,-0.0196,-0.0196
8337,0.0593,-0.0755,1.4127,0.0000,0.0000,0.0000,0.0000,0.0000,-2.6946,-0.0825,-0.0217,-1.3473,0.8274,-0.0196,-0.0196
8379,0.0593,-0.0755,1.4125,0.0000,0.0000,0.0000,-0.0000,0.0000,-2.9252,-0.1170,0.0004,-1.4626,0.2235,-0.0118,-0.0196
8390,0.0593,-0.0755,1.4124,0.0000,0.0000,0.0000,-0.0000,0.0000,-2.9307,-0.1173,0.0004,-1.4653,0.2235,-0.0118,-0.0196
8406,0.0593,-0.0755,1.4124,0.0000,0.0000,0.0000,-0.0000,0.0000,-2.9391,-0.1177,0.0004,-1.4696,0.2235,-0.0118,-0.0196
8412,0.0593,-0.0755,1.4122,0.0000,0.0000,0.0000,-0.0000,0.0000,-2.9416,-0.1178,0.0004,-1.4708,0.2235,-0.0118,-0.0196
3036,0.0624,-0.0707,1.4447,0.0059,-0.0020,-0.0039,-0.0000,0.0000,-2.9155,-0.1249,0.0034,-1.4616,-0.0196,-0.0196,-0.0196
3037,0.0624,-0.0707,1.4447,0.0059,-0.0020,-0.0039,-0.0000,0.0000,-2.9155,-0.1249,0.0034,-1.4616,-0.0196,-0.0196,-0.0196
3040,0.0624,-0.0707,1.4447,0.0059,-0.0020,-0.0039,0.0000,0.0000,-2.9155,-0.1249,0.0034,-1.4616,-0.0196,-0.0196,-0.0196
3043,0.0624,-0.0707,1.4447,0.0059,-0.0020,-0.0039,-0.0000,0.0000,-2.9184,-0.1250,0.0034,-1.4631,-0.0196,-0.0196,-0.0196
3046,0.0624,-0.0707,1.4447,0.0000,-0.0059,-0.0039,0.0000,0.0000,-2.9184,-0.1250,0.0034,-1.4631,-0.0196,-0.0196,-0.0196
3059,0.0624,-0.0707,1.4447,0.0000,-0.0059,-0.0039,-0.0000,0.0000,-2.9213,-0.1251,0.0034,-1.4646,-0.0196,-0.0196,-0.0196
3062,0.0630,-0.0714,1.4591,0.0078,-0.0117,0.0098,-0.0000,0.0000,-2.9487,-0.1251,0.0034,-1.4646,-0.0196,-0.0196,-0.0196
3065,0.0631,-0.0715,1.4621,0.0078,-0.0117,0.0098,-0.0000,0.0000,-2.9860,-0.1278,0.0045,-1.4833,-0.0196,-0.0196,-0.0196
3068,0.0631,-0.0715,1.4621,0.0078,-0.0117,0.0098,0.0000,0.0000,-2.9860,-0.1278,0.0045,-1.4833,-0.0196,-0.0196,-0.0196
3072,0.0631,-0.0715,1.4621,-0.0156,-0.0020,0.0020,0.0000,0.0000,-2.9737,-0.1280,0.0051,-1.4849,-0.0275,-0.0118,-0.0196
3075,0.0631,-0.0715,1.4621,-0.0156,-0.0020,0.0020,0.0000,0.0000,-2.9737,-0.1280,0.0051,-1.4849,-0.0275,-0.0118,-0.0196
3076,0.0631,-0.0715,1.4621,-0.0156,-0.0020,0.0020,0.0000,0.0000,-2.9737,-0.1280,0.0051,-1.4849,-0.0275,-0.0118,-0.0196
3186,0.0633,-0.0728,1.4638,0.0059,0.0039,0.0078,0.0000,0.0000,-2.9619,-0.1106,-0.0102,-1.4731,0.4117,-0.0196,-0.0196
3218,0.0633,-0.0729,1.4639,0.0039,0.0059,0.0059,-0.0000,0.0000,-2.9725,-0.1114,-0.0101,-1.4804,0.4117,-0.0196,-0.0196
3339,0.0631,-0.0730,1.4614,0.0000,0.0059,0.0078,-0.0000,-0.0000,-2.7568,-0.0780,-0.0313,-1.3706,1.0000,-0.0118,-0.0196
3401,0.0630,-0.0742,1.4602,0.0039,-0.0098,0.0078,-0.0000,0.0000,-2.7798,-0.0803,-0.0305,-1.3821,1.0000,-0.0196,-0.0196
3422,0.0630,-0.0743,1.4596,0.0078,0.0000,-0.0059,-0.0000,0.0000,-2.7590,-0.0807,-0.0304,-1.3854,1.0000,-0.0196,-0.0196
3448,0.0630,-0.0743,1.4585,-0.0020,0.0020,-0.0039,-0.0000,0.0000,-2.7713,-0.0810,-0.0304,-1.3895,1.0000,-0.0196,-0.0196
3574,0.0628,-0.0744,1.4549,0.0059,0.0000,-0.0098,-0.0000,0.0000,-2.8072,-0.0828,-0.0299,-1.4134,1.0000,-0.0118,-0.0196
3621,0.0626,-0.0744,1.4525,0.0078,-0.0078,-0.0039,0.0000,0.0000,-2.8205,-0.0828,-0.0298,-1.4141,1.0000,-0.0118,-0.0118
3705,0.0619,-0.0752,1.4494,0.0020,-0.0098,-0.0020,0.0000,0.0000,-2.8669,-0.0851,-0.0289,-1.4354,1.0000,-0.0196,-0.0196
3709,0.0619,-0.0752,1.4494,0.0039,0.0039,0.0020,-0.0000,-0.0000,-2.8747,-0.0851,-0.0289,-1.4354,1.0000,-0.0196,-0.0196
3833,0.0616,-0.0751,1.4435,0.0078,-0.0039,-0.0098,-0.0000,0.0000,-2.8796,-0.0858,-0.0285,-1.4496,1.0000,-0.0118,-0.0118
3845,0.0616,-0.0752,1.4433,0.0000,0.0078,0.0020,-0.0000,0.0000,-2.9075,-0.0862,-0.0284,-1.4518,1.0000,-0.0118,-0.0118
3987,0.0594,-0.0752,1.3909,0.0078,-0.0039,-0.0098,-0.0000,-0.0000,-2.8649,-0.0839,-0.0286,-1.4422,1.0000,-0.0196,-0.0196
4041,0.0592,-0.0752,1.3908,-0.0078,0.0098,-0.0020,0.0000,0.0000,-2.9002,-0.0846,-0.0284,-1.4520,1.0000,-0.0196,-0.0196
4142,0.0591,-0.0753,1.3910,0.0000,0.0000,0.0000,0.0000,0.0000,-2.9734,-0.0896,-0.0265,-1.4867,0.9529,-0.0196,-0.0196
4180,0.0591,-0.0753,1.3910,0.0000,0.0000,0.0000,-0.0000,0.0000,-3.0724,-0.1003,-0.0209,-1.5362,0.7961,-0.0196,-0.0196
4215,0.0590,-0.0753,1.3911,0.0000,0.0000,0.0000,0.0000,0.0000,-3.0881,-0.1009,-0.0207,-1.5440,0.7961,-0.0196,-0.0196
4422,0.0590,-0.0754,1.3913,0.0000,0.0000,0.0000,0.0000,0.0000,-3.1406,-0.1015,-0.0215,-1.5703,0.9529,-0.0118,-0.0196
4500,0.0590,-0.0754,1.3913,0.0000,0.0000,0.0000,0.0000,0.0000,-3.0837,-0.0924,-0.0273,-1.5419,1.0000,-0.0118,-0.0118
4546,0.0590,-0.0754,1.3913,0.0000,0.0000,0.0000,-0.0000,-0.0000,-3.1185,-0.0939,-0.0273,-1.5592,1.0000,-0.0118,-0.0196
4600,0.0590,-0.0754,1.3913,0.0000,0.0000,0.0000,0.0000,0.0000,-3.1407,-0.0949,-0.0273,-1.5704,1.0000,-0.0118,-0.0196
4623,0.0590,-0.0754,1.3913,0.0000,0.0000,0.0000,0.0000,0.0000,-3.1481,-0.0953,-0.0272,-1.5753,1.0000,-0.0118,-0.0196
4699,0.0589,-0.0754,1.3913,0.0000,0.0000,0.0000,-0.0000,0.0000,-3.1806,-0.0969,-0.0274,-1.5915,1.0000,-0.0196,-0.0196
4771,0.0590,-0.0754,1.3913,0.0000,0.0000,0.0000,0.0000,0.0000,-3.2127,-0.0983,-0.0275,-1.6063,1.0000,-0.0196,-0.0196
4796,0.0590,-0.0754,1.3913,0.0000,0.0000,0.0000,-0.0000,0.0000,-3.2250,-0.0988,-0.0275,-1.6125,1.0000,-0.0196,-0.0196
4836,0.0590,-0.0754,1.3913,0.0000,0.0000,0.0000,0.0000,0.0000,-3.2624,-0.1021,-0.0261,-1.6312,0.9608,-0.0196,-0.0196
4991,0.0590,-0.0754,1.3913,0.0000,0.0000,0.0000,0.0000,0.0000,-3.3003,-0.1038,-0.0260,-1.6502,0.9608,-0.0196,-0.0196
5028,0.0590,-0.0754,1.3912,0.0000,0.0000,0.0000,0.0000,0.0000,-3.3001,-0.1037,-0.0260,-1.6501,0.9608,-0.0196,-0.0118
5105,0.0590,-0.0754,1.3912,0.0000,0.0000,0.0000,0.0000,0.0000,-3.2850,-0.1031,-0.0260,-1.6425,0.9608,-0.0118,-0.0118
5171,0.0590,-0.0753,1.3912,0.0000,0.0000,0.0000,0.0000,0.0000,-3.2850,-0.1027,-0.0258,-1.6425,0.9608,-0.0118,-0.0118
5246,0.0590,-0.0753,1.3911,0.0000,0.0000,0.0000,0.0000,0.0000,-3.3002,-0.1036,-0.0261,-1.6501,0.9608,-0.0196,-0.0196
5388,0.0590,-0.0753,1.3911,0.0000,0.0000,0.0000,0.0000,0.0000,-3.2777,-0.1010,-0.0275,-1.6388,1.0000,-0.0196,-0.0196
5445,0.0590,-0.0753,1.3911,0.0000,0.0000,0.0000,-0.0000,0.0000,-3.4134,-0.1189,-0.0166,-1.7067,0.7019,-0.0118,-0.0118
5624,0.0590,-0.0753,1.3910,0.0000,0.0000,0.0000,-0.0000,0.0000,-3.4359,-0.1896,0.0413,-1.7179,-0.9686,-0.0118,-0.0118
5726,0.0590,-0.0753,1.3910,0.0000,0.0000,0.0000,0.0000,0.0000,-3.4547,-0.1904,0.0407,-1.7274,-0.9608,-0.0118,-0.0196
5764,0.0590,-0.0753,1.3910,0.0000,0.0000,0.0000,0.0000,0.0000,-3.4545,-0.1902,0.0410,-1.7273,-0.9608,-0.0118,-0.0196
5808,0.0590,-0.0753,1.3910,0.0000,0.0000,0.0000,0.0000,0.0000,-3.5089,-0.1843,0.0344,-1.7544,-0.7647,-0.0118,-0.0118
5968,0.0590,-0.0754,1.3910,0.0000,0.0000,0.0000,0.0000,0.0000,-3.5986,-0.1524,0.0050,-1.7993,0.0902,-0.0118,-0.0196
6001,0.0590,-0.0754,1.3910,0.0000,0.0000,0.0000,0.0000,0.0000,-3.5986,-0.1524,0.0050,-1.7993,0.9608,-0.0118,-0.0196
6122,0.0590,-0.0754,1.3910,0.0000,0.0000,0.0000,0.0000,0.0000,-3.2771,-0.1009,-0.0271,-1.6386,1.0000,-0.0118,-0.0196
6199,0.0590,-0.0754,1.3910,0.0000,0.0000,0.0000,0.0000,0.0000,-3.2771,-0.1009,-0.0271,-1.6386,1.0000,-0.0118,-0.0196
6229,0.0590,-0.0754,1.3910,0.0000,0.0000,0.0000,0.0000,0.0000,-3.2771,-0.1009,-0.0271,-1.6386,1.0000,-0.0118,-0.0196
6324,0.0590,-0.0754,1.3909,0.0000,0.0000,0.0000,0.0000,0.0000,-3.2619,-0.1003,-0.0271,-1.6310,1.0000,-0.0118,-0.0118
6379,0.0590,-0.0754,1.3909,0.0000,0.0000,0.0000,0.0000,0.0000,-3.5565,-0.1816,0.0306,-1.7782,-0.6471,-0.0118,-0.0196
6428,0.0590,-0.0754,1.3909,0.0000,0.0000,0.0000,0.0000,0.0000,-3.5565,-0.1816,0.0306,-1.7782,-0.8902,-0.0196,-0.0196
6464,0.0590,-0.0754,1.3909,0.0000,0.0000,0.0000,0.0000,0.0000,-3.4822,-0.1888,0.0385,-1.7411,-0.8902,-0.0196,-0.0196
6531,0.0590,-0.0754,1.3908,0.0000,0.0000,0.0000,0.0000,0.0000,-3.4291,-0.1902,0.0419,-1.7146,-0.9843,-0.0118,-0.0118
6602,0.0590,-0.0754,1.3908,0.0000,0.0000,0.0000,-0.0000,0.0000,-3.4379,-0.1912,0.0425,-1.7189,-1.0000,-0.0118,-0.0196
6751,0.0590,-0.0753,1.3908,0.0000,0.0000,0.0000,0.0000,0.0000,-3.4447,-0.1910,0.0415,-1.7223,-0.9843,-0.0196,-0.0196
6806,0.0590,-0.0753,1.3908,0.0000,0.0000,0.0000,0.0000,0.0000,-3.6129,-0.1673,0.0163,-1.8064,-0.2471,-0.0196,-0.0196
6827,0.0590,-0.0753,1.3908,0.0000,0.0000,0.0000,0.0000,0.0000,-3.6129,-0.1673,0.0163,-1.8064,-0.2471,-0.0196,-0.0196
6922,0.0590,-0.0753,1.3907,0.0000,0.0000,0.0000,0.0000,0.0000,-3.5758,-0.1549,0.0079,-1.7879,-0.0039,-0.0039,-0.0118
6955,0.0590,-0.0753,1.3907,0.0000,0.0000,0.0000,0.0000,0.0000,-3.5919,-0.1557,0.0085,-1.7960,-0.0039,-0.0039,-0.0118
7014,0.0590,-0.0753,1.3907,0.0000,0.0000,0.0000,0.0000,0.0000,-3.5915,-0.1556,0.0079,-1.7958,0.0039,-0.0118,-0.0118
7114,0.0590,-0.0753,1.3907,0.0000,0.0000,0.0000,0.0000,0.0000,-3.6068,-0.1560,0.0082,-1.8034,0.0039,-0.0039,-0.0196
